timestamp,location,charger_type,kWh_used,charging_duration_hours,hour,day,estimated_cost_RM
1/1/2025 0:00,Kuala Lumpur,Normal Charger,59.45,0.98,0,Wednesday,23.78
1/1/2025 0:00,Penang,Normal Charger,43.54,2.16,0,Wednesday,17.42
1/1/2025 0:00,Penang,Fast Charger,46.56,3.37,0,Wednesday,18.62
1/1/2025 0:00,Johor Bahru,Fast Charger,44.28,4.31,0,Wednesday,17.71
1/1/2025 1:00,Selangor,Fast Charger,14.76,2.34,1,Wednesday,5.9
1/1/2025 1:00,Kuala Lumpur,Fast Charger,54.02,1.41,1,Wednesday,21.61
1/1/2025 1:00,Penang,Normal Charger,14.09,3.97,1,Wednesday,5.64
1/1/2025 2:00,Selangor,Normal Charger,59.57,2.51,2,Wednesday,23.83
1/1/2025 3:00,Kuala Lumpur,Fast Charger,19.77,2.17,3,Wednesday,7.91
1/1/2025 4:00,Melaka,Normal Charger,17.84,2.76,4,Wednesday,7.14
1/1/2025 4:00,Melaka,Normal Charger,36.46,3.95,4,Wednesday,14.58
1/1/2025 4:00,Kuala Lumpur,Fast Charger,50.45,3.69,4,Wednesday,20.18
1/1/2025 4:00,Kuala Lumpur,Normal Charger,20.04,3.5,4,Wednesday,8.02
1/1/2025 4:00,Selangor,Normal Charger,18.58,2.86,4,Wednesday,7.43
1/1/2025 5:00,Melaka,Normal Charger,11.93,4.25,5,Wednesday,4.77
1/1/2025 6:00,Putrajaya,Normal Charger,12.63,0.52,6,Wednesday,5.05
1/1/2025 7:00,Penang,Normal Charger,23.37,3.75,7,Wednesday,9.35
1/1/2025 7:00,Penang,Fast Charger,39.37,4.49,7,Wednesday,15.75
1/1/2025 7:00,Selangor,Fast Charger,48.39,4.17,7,Wednesday,19.36
1/1/2025 8:00,Melaka,Fast Charger,21.17,1.26,8,Wednesday,8.47
1/1/2025 8:00,Putrajaya,Normal Charger,34.21,3.05,8,Wednesday,13.68
1/1/2025 9:00,Selangor,Normal Charger,10.69,1.56,9,Wednesday,4.28
1/1/2025 9:00,Selangor,Fast Charger,26.92,3.63,9,Wednesday,10.77
1/1/2025 10:00,Kuala Lumpur,Normal Charger,11.42,3.51,10,Wednesday,4.57
1/1/2025 11:00,Johor Bahru,Normal Charger,27.01,1.47,11,Wednesday,10.8
1/1/2025 11:00,Melaka,Normal Charger,50.95,4.11,11,Wednesday,20.38
1/1/2025 12:00,Melaka,Fast Charger,26.63,2.63,12,Wednesday,10.65
1/1/2025 13:00,Putrajaya,Fast Charger,47.65,1.51,13,Wednesday,19.06
1/1/2025 14:00,Kuala Lumpur,Fast Charger,10.24,2.2,14,Wednesday,4.1
1/1/2025 14:00,Selangor,Normal Charger,20.16,3.24,14,Wednesday,8.06
1/1/2025 14:00,Johor Bahru,Normal Charger,59.06,1.69,14,Wednesday,23.62
1/1/2025 14:00,Selangor,Normal Charger,16.57,1.37,14,Wednesday,6.63
1/1/2025 14:00,Melaka,Normal Charger,42.89,2.06,14,Wednesday,17.16
1/1/2025 15:00,Penang,Normal Charger,45.06,2.92,15,Wednesday,18.02
1/1/2025 16:00,Selangor,Fast Charger,12.04,3.69,16,Wednesday,4.82
1/1/2025 17:00,Putrajaya,Fast Charger,59.47,0.81,17,Wednesday,23.79
1/1/2025 17:00,Penang,Normal Charger,29.54,4.35,17,Wednesday,11.82
1/1/2025 18:00,Melaka,Normal Charger,9.82,3.68,18,Wednesday,3.93
1/1/2025 18:00,Melaka,Normal Charger,24.54,3.65,18,Wednesday,9.82
1/1/2025 19:00,Johor Bahru,Normal Charger,37.92,3.74,19,Wednesday,22.75
1/1/2025 20:00,Putrajaya,Fast Charger,22.11,4.48,20,Wednesday,13.27
1/1/2025 20:00,Melaka,Normal Charger,41.07,3.14,20,Wednesday,24.64
1/1/2025 21:00,Melaka,Fast Charger,50.98,2.4,21,Wednesday,30.59
1/1/2025 21:00,Selangor,Normal Charger,45.6,3.72,21,Wednesday,27.36
1/1/2025 22:00,Putrajaya,Fast Charger,16.25,2.86,22,Wednesday,9.75
1/1/2025 22:00,Putrajaya,Normal Charger,55.18,3.19,22,Wednesday,33.11
1/1/2025 22:00,Selangor,Normal Charger,54.27,2.65,22,Wednesday,32.56
1/1/2025 22:00,Selangor,Normal Charger,55.68,3.94,22,Wednesday,33.41
2/1/2025 0:00,Kuala Lumpur,Fast Charger,29.57,3.18,0,Thursday,11.83
2/1/2025 0:00,Melaka,Normal Charger,13.97,3.69,0,Thursday,5.59
2/1/2025 0:00,Johor Bahru,Normal Charger,47.47,0.63,0,Thursday,18.99
2/1/2025 1:00,Selangor,Normal Charger,46.9,1.8,1,Thursday,18.76
2/1/2025 1:00,Melaka,Normal Charger,41.98,2.09,1,Thursday,16.79
2/1/2025 2:00,Selangor,Normal Charger,46.61,0.95,2,Thursday,18.64
2/1/2025 3:00,Kuala Lumpur,Normal Charger,25.75,3.27,3,Thursday,10.3
2/1/2025 3:00,Melaka,Normal Charger,14.04,3.3,3,Thursday,5.62
2/1/2025 3:00,Selangor,Normal Charger,36.12,3.45,3,Thursday,14.45
2/1/2025 3:00,Selangor,Fast Charger,36.24,0.82,3,Thursday,14.5
2/1/2025 4:00,Penang,Normal Charger,9.87,1.12,4,Thursday,3.95
2/1/2025 4:00,Johor Bahru,Fast Charger,50.13,3.67,4,Thursday,20.05
2/1/2025 7:00,Putrajaya,Normal Charger,53.51,1.98,7,Thursday,21.4
2/1/2025 8:00,Johor Bahru,Normal Charger,34.85,3.92,8,Thursday,13.94
2/1/2025 8:00,Penang,Normal Charger,33.08,2.79,8,Thursday,13.23
2/1/2025 9:00,Putrajaya,Normal Charger,33.52,3.96,9,Thursday,13.41
2/1/2025 9:00,Kuala Lumpur,Normal Charger,23.54,0.75,9,Thursday,9.42
2/1/2025 10:00,Melaka,Normal Charger,40.68,3.85,10,Thursday,16.27
2/1/2025 10:00,Johor Bahru,Fast Charger,11.28,4.15,10,Thursday,4.51
2/1/2025 11:00,Johor Bahru,Normal Charger,25.03,0.57,11,Thursday,10.01
2/1/2025 11:00,Kuala Lumpur,Normal Charger,26.5,2.89,11,Thursday,10.6
2/1/2025 12:00,Kuala Lumpur,Normal Charger,44.76,2.59,12,Thursday,17.9
2/1/2025 12:00,Kuala Lumpur,Fast Charger,8.69,0.86,12,Thursday,3.48
2/1/2025 12:00,Kuala Lumpur,Normal Charger,28.67,0.97,12,Thursday,11.47
2/1/2025 13:00,Melaka,Normal Charger,49.9,0.6,13,Thursday,19.96
2/1/2025 14:00,Putrajaya,Fast Charger,24.28,3.88,14,Thursday,9.71
2/1/2025 14:00,Johor Bahru,Fast Charger,31.34,1.55,14,Thursday,12.54
2/1/2025 14:00,Kuala Lumpur,Fast Charger,15.2,2.28,14,Thursday,6.08
2/1/2025 14:00,Selangor,Normal Charger,12.94,2.83,14,Thursday,5.18
2/1/2025 14:00,Putrajaya,Fast Charger,29.57,3.25,14,Thursday,11.83
2/1/2025 15:00,Selangor,Normal Charger,12.3,2.05,15,Thursday,4.92
2/1/2025 16:00,Johor Bahru,Fast Charger,32.88,3.25,16,Thursday,13.15
2/1/2025 16:00,Penang,Fast Charger,35.78,1.96,16,Thursday,14.31
2/1/2025 16:00,Melaka,Normal Charger,14.18,4.46,16,Thursday,5.67
2/1/2025 17:00,Putrajaya,Normal Charger,53.16,1.44,17,Thursday,21.26
2/1/2025 17:00,Johor Bahru,Normal Charger,58.04,3.4,17,Thursday,23.22
2/1/2025 18:00,Penang,Normal Charger,41.11,1.78,18,Thursday,16.44
2/1/2025 18:00,Kuala Lumpur,Normal Charger,10.36,3.03,18,Thursday,4.14
2/1/2025 21:00,Penang,Fast Charger,53.99,3.26,21,Thursday,32.39
2/1/2025 21:00,Kuala Lumpur,Fast Charger,51.42,2.15,21,Thursday,30.85
2/1/2025 22:00,Johor Bahru,Normal Charger,34.55,3.12,22,Thursday,20.73
2/1/2025 22:00,Melaka,Normal Charger,14.89,0.88,22,Thursday,8.93
2/1/2025 22:00,Penang,Normal Charger,30.8,0.92,22,Thursday,18.48
2/1/2025 22:00,Johor Bahru,Normal Charger,30.16,1.76,22,Thursday,18.1
2/1/2025 22:00,Selangor,Normal Charger,30.42,3.91,22,Thursday,18.25
2/1/2025 23:00,Penang,Normal Charger,14.16,1.53,23,Thursday,5.66
2/1/2025 23:00,Selangor,Normal Charger,10.16,2.68,23,Thursday,4.06
3/1/2025 0:00,Johor Bahru,Normal Charger,26.02,1.46,0,Friday,10.41
3/1/2025 0:00,Penang,Fast Charger,24.57,4.25,0,Friday,9.83
3/1/2025 2:00,Selangor,Normal Charger,13.94,3.11,2,Friday,5.58
3/1/2025 2:00,Johor Bahru,Normal Charger,22.44,3,2,Friday,8.98
3/1/2025 2:00,Selangor,Normal Charger,49.16,0.75,2,Friday,19.66
3/1/2025 2:00,Selangor,Fast Charger,22.53,1.63,2,Friday,9.01
3/1/2025 2:00,Selangor,Normal Charger,48.22,4.37,2,Friday,19.29
3/1/2025 4:00,Melaka,Normal Charger,47.14,1.71,4,Friday,18.86
3/1/2025 4:00,Kuala Lumpur,Normal Charger,44.82,2.41,4,Friday,17.93
3/1/2025 4:00,Kuala Lumpur,Normal Charger,10.63,1.95,4,Friday,4.25
3/1/2025 4:00,Kuala Lumpur,Normal Charger,10.7,4.1,4,Friday,4.28
3/1/2025 5:00,Putrajaya,Fast Charger,45.93,0.56,5,Friday,18.37
3/1/2025 5:00,Selangor,Normal Charger,52.99,1.56,5,Friday,21.2
3/1/2025 5:00,Johor Bahru,Normal Charger,33.6,3.41,5,Friday,13.44
3/1/2025 5:00,Penang,Normal Charger,45.16,2.24,5,Friday,18.06
3/1/2025 6:00,Johor Bahru,Normal Charger,9.22,1.68,6,Friday,3.69
3/1/2025 6:00,Kuala Lumpur,Normal Charger,30.59,2.37,6,Friday,12.24
3/1/2025 7:00,Melaka,Fast Charger,25.67,1.46,7,Friday,10.27
3/1/2025 7:00,Penang,Normal Charger,23.21,1.31,7,Friday,9.28
3/1/2025 9:00,Putrajaya,Normal Charger,48.35,3.91,9,Friday,19.34
3/1/2025 9:00,Selangor,Normal Charger,20.81,1.19,9,Friday,8.32
3/1/2025 9:00,Johor Bahru,Normal Charger,34.7,4.15,9,Friday,13.88
3/1/2025 9:00,Putrajaya,Fast Charger,32.92,3.48,9,Friday,13.17
3/1/2025 10:00,Johor Bahru,Fast Charger,30.75,1.16,10,Friday,12.3
3/1/2025 12:00,Selangor,Fast Charger,25.47,1.47,12,Friday,10.19
3/1/2025 13:00,Putrajaya,Fast Charger,8.3,1.07,13,Friday,3.32
3/1/2025 14:00,Putrajaya,Normal Charger,18.85,4.32,14,Friday,7.54
3/1/2025 14:00,Melaka,Normal Charger,20.82,2.87,14,Friday,8.33
3/1/2025 14:00,Putrajaya,Fast Charger,55.14,0.85,14,Friday,22.06
3/1/2025 14:00,Penang,Normal Charger,8.82,0.77,14,Friday,3.53
3/1/2025 16:00,Selangor,Normal Charger,30.64,2.42,16,Friday,12.26
3/1/2025 16:00,Johor Bahru,Normal Charger,18.36,3.94,16,Friday,7.34
3/1/2025 18:00,Putrajaya,Fast Charger,32.04,3.67,18,Friday,12.82
3/1/2025 20:00,Putrajaya,Fast Charger,38.21,2.85,20,Friday,22.93
3/1/2025 20:00,Kuala Lumpur,Normal Charger,34.61,3.91,20,Friday,20.77
3/1/2025 20:00,Johor Bahru,Normal Charger,56.63,2.53,20,Friday,33.98
3/1/2025 20:00,Kuala Lumpur,Normal Charger,23.83,2.56,20,Friday,14.3
3/1/2025 21:00,Kuala Lumpur,Fast Charger,41.23,1.9,21,Friday,24.74
3/1/2025 23:00,Kuala Lumpur,Normal Charger,9.71,1.8,23,Friday,3.88
3/1/2025 23:00,Melaka,Normal Charger,39.4,2.41,23,Friday,15.76
4/1/2025 0:00,Putrajaya,Fast Charger,24.54,0.79,0,Saturday,9.82
4/1/2025 1:00,Putrajaya,Normal Charger,57.36,1.73,1,Saturday,22.94
4/1/2025 2:00,Johor Bahru,Normal Charger,47.09,2.87,2,Saturday,18.84
4/1/2025 2:00,Melaka,Normal Charger,21.73,1.11,2,Saturday,8.69
4/1/2025 2:00,Johor Bahru,Normal Charger,21.49,1.25,2,Saturday,8.6
4/1/2025 2:00,Kuala Lumpur,Fast Charger,38.42,3.92,2,Saturday,15.37
4/1/2025 3:00,Selangor,Normal Charger,27.72,3.36,3,Saturday,11.09
4/1/2025 3:00,Melaka,Normal Charger,12.17,2.44,3,Saturday,4.87
4/1/2025 5:00,Johor Bahru,Fast Charger,56.89,1.05,5,Saturday,22.76
4/1/2025 5:00,Johor Bahru,Fast Charger,26.04,4.01,5,Saturday,10.42
4/1/2025 5:00,Melaka,Fast Charger,58.45,3.88,5,Saturday,23.38
4/1/2025 5:00,Putrajaya,Normal Charger,15.02,2.96,5,Saturday,6.01
4/1/2025 5:00,Penang,Normal Charger,27.03,2.15,5,Saturday,10.81
4/1/2025 7:00,Johor Bahru,Normal Charger,54.38,3.14,7,Saturday,21.75
4/1/2025 8:00,Penang,Normal Charger,8.1,2.6,8,Saturday,3.24
4/1/2025 8:00,Putrajaya,Fast Charger,26.81,1.01,8,Saturday,10.72
4/1/2025 8:00,Johor Bahru,Fast Charger,8.33,3.44,8,Saturday,3.33
4/1/2025 10:00,Penang,Fast Charger,34.67,4.48,10,Saturday,13.87
4/1/2025 11:00,Johor Bahru,Fast Charger,29.2,3.02,11,Saturday,11.68
4/1/2025 12:00,Selangor,Normal Charger,28.94,3.2,12,Saturday,11.58
4/1/2025 13:00,Penang,Fast Charger,11.75,2.68,13,Saturday,4.7
4/1/2025 13:00,Johor Bahru,Normal Charger,40.86,3.07,13,Saturday,16.34
4/1/2025 13:00,Putrajaya,Fast Charger,8.26,1.26,13,Saturday,3.3
4/1/2025 14:00,Selangor,Normal Charger,41.53,4.26,14,Saturday,16.61
4/1/2025 15:00,Selangor,Normal Charger,10.48,0.95,15,Saturday,4.19
4/1/2025 15:00,Selangor,Fast Charger,58.12,3.1,15,Saturday,23.25
4/1/2025 16:00,Selangor,Fast Charger,31.09,3.85,16,Saturday,12.44
4/1/2025 17:00,Johor Bahru,Fast Charger,37.87,1.06,17,Saturday,15.15
4/1/2025 17:00,Putrajaya,Normal Charger,48.39,0.66,17,Saturday,19.36
4/1/2025 17:00,Putrajaya,Normal Charger,13.13,1.6,17,Saturday,5.25
4/1/2025 18:00,Selangor,Normal Charger,12.09,1.03,18,Saturday,4.84
4/1/2025 19:00,Selangor,Normal Charger,47.2,1.01,19,Saturday,28.32
4/1/2025 19:00,Melaka,Fast Charger,58.98,4.33,19,Saturday,35.39
4/1/2025 20:00,Melaka,Normal Charger,47.19,3.26,20,Saturday,28.31
4/1/2025 21:00,Johor Bahru,Normal Charger,36.5,3.01,21,Saturday,21.9
4/1/2025 22:00,Johor Bahru,Normal Charger,32.35,3.8,22,Saturday,19.41
4/1/2025 22:00,Kuala Lumpur,Normal Charger,59.88,1.16,22,Saturday,35.93
4/1/2025 22:00,Selangor,Normal Charger,54.97,1.19,22,Saturday,32.98
4/1/2025 22:00,Melaka,Fast Charger,43.32,2.83,22,Saturday,25.99
4/1/2025 23:00,Putrajaya,Fast Charger,42.67,1.75,23,Saturday,17.07
4/1/2025 23:00,Putrajaya,Normal Charger,57.01,1.23,23,Saturday,22.8
4/1/2025 23:00,Putrajaya,Normal Charger,12.85,3.86,23,Saturday,5.14
4/1/2025 23:00,Selangor,Normal Charger,17.95,0.77,23,Saturday,7.18
5/1/2025 0:00,Johor Bahru,Normal Charger,47.94,1.88,0,Sunday,19.18
5/1/2025 1:00,Kuala Lumpur,Normal Charger,20.07,3.12,1,Sunday,8.03
5/1/2025 2:00,Kuala Lumpur,Normal Charger,30.34,2.15,2,Sunday,12.14
5/1/2025 2:00,Putrajaya,Fast Charger,29.55,4.21,2,Sunday,11.82
5/1/2025 2:00,Selangor,Fast Charger,46.28,1.09,2,Sunday,18.51
5/1/2025 2:00,Putrajaya,Normal Charger,23.16,3.51,2,Sunday,9.26
5/1/2025 2:00,Johor Bahru,Normal Charger,42.22,2.21,2,Sunday,16.89
5/1/2025 2:00,Putrajaya,Fast Charger,8.28,1.81,2,Sunday,3.31
5/1/2025 2:00,Penang,Fast Charger,19.79,0.87,2,Sunday,7.92
5/1/2025 2:00,Penang,Normal Charger,34,0.58,2,Sunday,13.6
5/1/2025 3:00,Kuala Lumpur,Normal Charger,48.24,1.23,3,Sunday,19.3
5/1/2025 3:00,Penang,Normal Charger,39.48,3.83,3,Sunday,15.79
5/1/2025 6:00,Melaka,Fast Charger,18.63,1.07,6,Sunday,7.45
5/1/2025 6:00,Penang,Fast Charger,39.21,1.28,6,Sunday,15.68
5/1/2025 6:00,Johor Bahru,Normal Charger,14.62,4.25,6,Sunday,5.85
5/1/2025 7:00,Putrajaya,Normal Charger,21.64,2.33,7,Sunday,8.66
5/1/2025 7:00,Putrajaya,Normal Charger,51.35,1.49,7,Sunday,20.54
5/1/2025 7:00,Penang,Fast Charger,25.46,3.01,7,Sunday,10.18
5/1/2025 8:00,Selangor,Normal Charger,43.73,1.24,8,Sunday,17.49
5/1/2025 9:00,Johor Bahru,Normal Charger,23.84,3.18,9,Sunday,9.54
5/1/2025 9:00,Melaka,Normal Charger,48.86,1.54,9,Sunday,19.54
5/1/2025 9:00,Putrajaya,Normal Charger,44.84,4.08,9,Sunday,17.94
5/1/2025 9:00,Kuala Lumpur,Normal Charger,29.31,3.81,9,Sunday,11.72
5/1/2025 10:00,Putrajaya,Normal Charger,23.28,1.33,10,Sunday,9.31
5/1/2025 10:00,Selangor,Normal Charger,38.88,4.27,10,Sunday,15.55
5/1/2025 12:00,Selangor,Fast Charger,20.97,1.86,12,Sunday,8.39
5/1/2025 12:00,Johor Bahru,Fast Charger,38.1,0.84,12,Sunday,15.24
5/1/2025 14:00,Penang,Fast Charger,41.62,2.3,14,Sunday,16.65
5/1/2025 14:00,Putrajaya,Fast Charger,52.52,0.66,14,Sunday,21.01
5/1/2025 14:00,Kuala Lumpur,Normal Charger,47.39,2.28,14,Sunday,18.96
5/1/2025 15:00,Kuala Lumpur,Fast Charger,15.51,2.16,15,Sunday,6.2
5/1/2025 16:00,Kuala Lumpur,Normal Charger,26.29,3.69,16,Sunday,10.52
5/1/2025 16:00,Melaka,Normal Charger,9.42,3.81,16,Sunday,3.77
5/1/2025 16:00,Putrajaya,Normal Charger,38.34,1.29,16,Sunday,15.34
5/1/2025 16:00,Melaka,Normal Charger,12.79,2.96,16,Sunday,5.12
5/1/2025 16:00,Selangor,Normal Charger,17.05,0.94,16,Sunday,6.82
5/1/2025 17:00,Melaka,Normal Charger,47.61,2.53,17,Sunday,19.04
5/1/2025 18:00,Kuala Lumpur,Fast Charger,48.91,2.98,18,Sunday,19.56
5/1/2025 19:00,Johor Bahru,Fast Charger,46.51,3.11,19,Sunday,27.91
5/1/2025 20:00,Selangor,Fast Charger,52.09,2.55,20,Sunday,31.25
5/1/2025 20:00,Selangor,Fast Charger,40.19,3.77,20,Sunday,24.11
5/1/2025 20:00,Melaka,Normal Charger,18.11,2.52,20,Sunday,10.87
5/1/2025 21:00,Putrajaya,Normal Charger,56.82,0.96,21,Sunday,34.09
5/1/2025 21:00,Johor Bahru,Normal Charger,48.74,4.25,21,Sunday,29.24
5/1/2025 21:00,Selangor,Normal Charger,20.48,1.92,21,Sunday,12.29
5/1/2025 21:00,Selangor,Normal Charger,37.09,2.76,21,Sunday,22.25
5/1/2025 21:00,Kuala Lumpur,Normal Charger,31.21,2.16,21,Sunday,18.73
5/1/2025 22:00,Johor Bahru,Fast Charger,59.57,1.57,22,Sunday,35.74
5/1/2025 23:00,Putrajaya,Normal Charger,54.26,2.55,23,Sunday,21.7
5/1/2025 23:00,Penang,Fast Charger,18.81,3.3,23,Sunday,7.52
5/1/2025 23:00,Johor Bahru,Normal Charger,55.59,2.51,23,Sunday,22.24
6/1/2025 0:00,Johor Bahru,Normal Charger,12.55,3.4,0,Monday,5.02
6/1/2025 1:00,Melaka,Normal Charger,23.35,1.5,1,Monday,9.34
6/1/2025 1:00,Putrajaya,Normal Charger,11.98,0.93,1,Monday,4.79
6/1/2025 2:00,Melaka,Fast Charger,40.1,1.09,2,Monday,16.04
6/1/2025 3:00,Selangor,Normal Charger,52.79,2.51,3,Monday,21.12
6/1/2025 4:00,Melaka,Fast Charger,57.47,2.77,4,Monday,22.99
6/1/2025 5:00,Putrajaya,Normal Charger,38.89,4.48,5,Monday,15.56
6/1/2025 5:00,Kuala Lumpur,Fast Charger,55.05,2.71,5,Monday,22.02
6/1/2025 5:00,Johor Bahru,Normal Charger,47.67,3.01,5,Monday,19.07
6/1/2025 6:00,Putrajaya,Normal Charger,36.37,1.02,6,Monday,14.55
6/1/2025 6:00,Putrajaya,Normal Charger,57.31,2.41,6,Monday,22.92
6/1/2025 7:00,Penang,Fast Charger,25.95,2.7,7,Monday,10.38
6/1/2025 8:00,Selangor,Fast Charger,33.09,3.82,8,Monday,13.24
6/1/2025 9:00,Penang,Fast Charger,31.63,1.19,9,Monday,12.65
6/1/2025 9:00,Selangor,Fast Charger,27.42,0.67,9,Monday,10.97
6/1/2025 10:00,Johor Bahru,Normal Charger,50.89,2.15,10,Monday,20.36
6/1/2025 10:00,Melaka,Normal Charger,18.72,1.29,10,Monday,7.49
6/1/2025 10:00,Selangor,Fast Charger,54.59,4.47,10,Monday,21.84
6/1/2025 11:00,Putrajaya,Normal Charger,30.79,2.05,11,Monday,12.32
6/1/2025 11:00,Kuala Lumpur,Normal Charger,55.33,0.78,11,Monday,22.13
6/1/2025 12:00,Melaka,Fast Charger,51.17,3.88,12,Monday,20.47
6/1/2025 12:00,Putrajaya,Normal Charger,48.17,3.3,12,Monday,19.27
6/1/2025 12:00,Melaka,Fast Charger,32.4,3.71,12,Monday,12.96
6/1/2025 13:00,Johor Bahru,Normal Charger,56.92,4.08,13,Monday,22.77
6/1/2025 13:00,Melaka,Fast Charger,33.84,2.63,13,Monday,13.54
6/1/2025 14:00,Melaka,Fast Charger,30.34,3.17,14,Monday,12.14
6/1/2025 14:00,Melaka,Normal Charger,8.6,3.47,14,Monday,3.44
6/1/2025 16:00,Melaka,Normal Charger,29.36,0.59,16,Monday,11.74
6/1/2025 16:00,Selangor,Normal Charger,37.44,0.54,16,Monday,14.98
6/1/2025 16:00,Melaka,Fast Charger,42.02,0.6,16,Monday,16.81
6/1/2025 17:00,Kuala Lumpur,Fast Charger,44.53,3.91,17,Monday,17.81
6/1/2025 18:00,Selangor,Normal Charger,8.84,0.76,18,Monday,3.54
6/1/2025 18:00,Johor Bahru,Normal Charger,46.75,3.85,18,Monday,18.7
6/1/2025 19:00,Melaka,Normal Charger,35.23,3.46,19,Monday,21.14
6/1/2025 20:00,Kuala Lumpur,Normal Charger,45.66,0.64,20,Monday,27.4
6/1/2025 20:00,Kuala Lumpur,Normal Charger,24.22,1.67,20,Monday,14.53
6/1/2025 22:00,Kuala Lumpur,Fast Charger,19.44,1.22,22,Monday,11.66
6/1/2025 22:00,Johor Bahru,Fast Charger,13.95,3.79,22,Monday,8.37
6/1/2025 22:00,Putrajaya,Fast Charger,30.83,1.22,22,Monday,18.5
6/1/2025 23:00,Putrajaya,Normal Charger,54.28,2.59,23,Monday,21.71
6/1/2025 23:00,Melaka,Normal Charger,39.05,2.97,23,Monday,15.62
6/1/2025 23:00,Putrajaya,Fast Charger,14.9,0.89,23,Monday,5.96
6/1/2025 23:00,Johor Bahru,Fast Charger,35.83,0.57,23,Monday,14.33
6/1/2025 23:00,Kuala Lumpur,Normal Charger,46.12,1.21,23,Monday,18.45
7/1/2025 0:00,Penang,Normal Charger,22.2,2.22,0,Tuesday,8.88
7/1/2025 0:00,Melaka,Normal Charger,53.22,1.76,0,Tuesday,21.29
7/1/2025 0:00,Melaka,Normal Charger,44.93,2.33,0,Tuesday,17.97
7/1/2025 0:00,Penang,Fast Charger,23.79,4.01,0,Tuesday,9.52
7/1/2025 1:00,Putrajaya,Fast Charger,10.34,1.8,1,Tuesday,4.14
7/1/2025 1:00,Selangor,Normal Charger,45.29,2.68,1,Tuesday,18.12
7/1/2025 2:00,Selangor,Fast Charger,18.61,1.79,2,Tuesday,7.44
7/1/2025 3:00,Putrajaya,Fast Charger,42.01,4.45,3,Tuesday,16.8
7/1/2025 3:00,Melaka,Fast Charger,51.02,3.46,3,Tuesday,20.41
7/1/2025 4:00,Johor Bahru,Fast Charger,42.8,4.22,4,Tuesday,17.12
7/1/2025 5:00,Melaka,Fast Charger,48.38,0.74,5,Tuesday,19.35
7/1/2025 6:00,Johor Bahru,Fast Charger,41.19,0.75,6,Tuesday,16.48
7/1/2025 6:00,Putrajaya,Fast Charger,12.01,4.48,6,Tuesday,4.8
7/1/2025 7:00,Putrajaya,Fast Charger,25.35,1.3,7,Tuesday,10.14
7/1/2025 8:00,Selangor,Fast Charger,48.83,3.78,8,Tuesday,19.53
7/1/2025 9:00,Putrajaya,Fast Charger,37.06,1.06,9,Tuesday,14.82
7/1/2025 9:00,Kuala Lumpur,Normal Charger,51.23,1.95,9,Tuesday,20.49
7/1/2025 10:00,Kuala Lumpur,Fast Charger,16.68,1.83,10,Tuesday,6.67
7/1/2025 11:00,Johor Bahru,Fast Charger,36.47,1.86,11,Tuesday,14.59
7/1/2025 12:00,Kuala Lumpur,Normal Charger,18.97,1.66,12,Tuesday,7.59
7/1/2025 12:00,Kuala Lumpur,Fast Charger,47.77,1.4,12,Tuesday,19.11
7/1/2025 12:00,Putrajaya,Normal Charger,30.91,1.18,12,Tuesday,12.36
7/1/2025 12:00,Johor Bahru,Fast Charger,57.05,2.07,12,Tuesday,22.82
7/1/2025 13:00,Penang,Normal Charger,35.12,1.16,13,Tuesday,14.05
7/1/2025 14:00,Melaka,Fast Charger,51.08,2.57,14,Tuesday,20.43
7/1/2025 15:00,Melaka,Normal Charger,39.19,1.67,15,Tuesday,15.68
7/1/2025 15:00,Kuala Lumpur,Fast Charger,25.34,1.12,15,Tuesday,10.14
7/1/2025 15:00,Johor Bahru,Normal Charger,34.71,1.01,15,Tuesday,13.88
7/1/2025 16:00,Penang,Normal Charger,29.2,3.85,16,Tuesday,11.68
7/1/2025 16:00,Putrajaya,Normal Charger,38.7,3.4,16,Tuesday,15.48
7/1/2025 16:00,Selangor,Normal Charger,49.05,4.45,16,Tuesday,19.62
7/1/2025 16:00,Melaka,Fast Charger,44.08,2.1,16,Tuesday,17.63
7/1/2025 17:00,Kuala Lumpur,Normal Charger,16.27,4.06,17,Tuesday,6.51
7/1/2025 17:00,Johor Bahru,Normal Charger,42.6,3.37,17,Tuesday,17.04
7/1/2025 18:00,Kuala Lumpur,Normal Charger,31.04,4.45,18,Tuesday,12.42
7/1/2025 18:00,Melaka,Normal Charger,18.46,3.65,18,Tuesday,7.38
7/1/2025 20:00,Kuala Lumpur,Normal Charger,8.07,0.54,20,Tuesday,4.84
7/1/2025 20:00,Kuala Lumpur,Fast Charger,29.52,4.42,20,Tuesday,17.71
7/1/2025 20:00,Selangor,Normal Charger,41.71,3.92,20,Tuesday,25.03
7/1/2025 21:00,Penang,Normal Charger,57.32,1.38,21,Tuesday,34.39
7/1/2025 22:00,Johor Bahru,Normal Charger,41.41,3.95,22,Tuesday,24.85
7/1/2025 22:00,Kuala Lumpur,Fast Charger,14.52,2.92,22,Tuesday,8.71
7/1/2025 23:00,Kuala Lumpur,Normal Charger,35.73,3.05,23,Tuesday,14.29
7/1/2025 23:00,Melaka,Fast Charger,55.47,3.79,23,Tuesday,22.19
7/1/2025 23:00,Kuala Lumpur,Normal Charger,10.83,3.21,23,Tuesday,4.33
8/1/2025 1:00,Penang,Fast Charger,41.5,3.04,1,Wednesday,16.6
8/1/2025 2:00,Kuala Lumpur,Fast Charger,39.49,1.59,2,Wednesday,15.8
8/1/2025 3:00,Kuala Lumpur,Fast Charger,51.1,3.53,3,Wednesday,20.44
8/1/2025 3:00,Penang,Normal Charger,51.4,0.87,3,Wednesday,20.56
8/1/2025 4:00,Putrajaya,Normal Charger,11.46,1.39,4,Wednesday,4.58
8/1/2025 4:00,Putrajaya,Fast Charger,20.8,2.72,4,Wednesday,8.32
8/1/2025 4:00,Penang,Normal Charger,28.59,0.68,4,Wednesday,11.44
8/1/2025 5:00,Johor Bahru,Normal Charger,56.1,1.28,5,Wednesday,22.44
8/1/2025 6:00,Selangor,Normal Charger,34.24,1.53,6,Wednesday,13.7
8/1/2025 7:00,Johor Bahru,Normal Charger,59.28,1.8,7,Wednesday,23.71
8/1/2025 8:00,Penang,Normal Charger,57.98,4.11,8,Wednesday,23.19
8/1/2025 8:00,Kuala Lumpur,Fast Charger,36.74,1.47,8,Wednesday,14.7
8/1/2025 8:00,Selangor,Normal Charger,47.79,0.57,8,Wednesday,19.12
8/1/2025 9:00,Putrajaya,Normal Charger,22.5,3.53,9,Wednesday,9
8/1/2025 9:00,Penang,Normal Charger,40.1,2.31,9,Wednesday,16.04
8/1/2025 10:00,Selangor,Fast Charger,24.46,4.42,10,Wednesday,9.78
8/1/2025 10:00,Putrajaya,Normal Charger,25.26,3.01,10,Wednesday,10.1
8/1/2025 11:00,Selangor,Fast Charger,30.52,1.21,11,Wednesday,12.21
8/1/2025 11:00,Melaka,Fast Charger,45.83,1.44,11,Wednesday,18.33
8/1/2025 12:00,Melaka,Fast Charger,28.01,1.82,12,Wednesday,11.2
8/1/2025 13:00,Selangor,Normal Charger,20.89,1.32,13,Wednesday,8.36
8/1/2025 13:00,Melaka,Normal Charger,27.66,0.8,13,Wednesday,11.06
8/1/2025 13:00,Johor Bahru,Fast Charger,42.47,4.19,13,Wednesday,16.99
8/1/2025 13:00,Melaka,Fast Charger,51.36,3.02,13,Wednesday,20.54
8/1/2025 14:00,Melaka,Fast Charger,42.84,3.48,14,Wednesday,17.14
8/1/2025 15:00,Kuala Lumpur,Normal Charger,39.99,0.96,15,Wednesday,16
8/1/2025 15:00,Penang,Normal Charger,45.74,2.87,15,Wednesday,18.3
8/1/2025 17:00,Melaka,Normal Charger,27.71,4.27,17,Wednesday,11.08
8/1/2025 18:00,Kuala Lumpur,Fast Charger,50.5,1.3,18,Wednesday,20.2
8/1/2025 19:00,Penang,Fast Charger,19.1,3.75,19,Wednesday,11.46
8/1/2025 20:00,Penang,Normal Charger,27.21,1.01,20,Wednesday,16.33
8/1/2025 21:00,Penang,Normal Charger,48.2,2.97,21,Wednesday,28.92
8/1/2025 21:00,Kuala Lumpur,Normal Charger,54,2.4,21,Wednesday,32.4
8/1/2025 21:00,Johor Bahru,Fast Charger,58.81,4.37,21,Wednesday,35.29
8/1/2025 21:00,Kuala Lumpur,Fast Charger,24.12,3.86,21,Wednesday,14.47
8/1/2025 21:00,Penang,Fast Charger,50.26,0.53,21,Wednesday,30.16
8/1/2025 22:00,Putrajaya,Fast Charger,52.87,2.82,22,Wednesday,31.72
8/1/2025 22:00,Kuala Lumpur,Fast Charger,18.43,3.98,22,Wednesday,11.06
8/1/2025 23:00,Penang,Normal Charger,18.46,3.4,23,Wednesday,7.38
8/1/2025 23:00,Selangor,Normal Charger,20.48,3.99,23,Wednesday,8.19
8/1/2025 23:00,Kuala Lumpur,Fast Charger,20.05,2.31,23,Wednesday,8.02
8/1/2025 23:00,Melaka,Fast Charger,36.43,3.61,23,Wednesday,14.57
9/1/2025 1:00,Kuala Lumpur,Fast Charger,36.84,1.73,1,Thursday,14.74
9/1/2025 1:00,Putrajaya,Fast Charger,53.4,3.87,1,Thursday,21.36
9/1/2025 1:00,Melaka,Normal Charger,14.1,4.24,1,Thursday,5.64
9/1/2025 2:00,Putrajaya,Normal Charger,56.28,4.21,2,Thursday,22.51
9/1/2025 2:00,Johor Bahru,Fast Charger,59.81,2.98,2,Thursday,23.92
9/1/2025 2:00,Selangor,Normal Charger,29.26,1.48,2,Thursday,11.7
9/1/2025 3:00,Johor Bahru,Fast Charger,46.89,0.83,3,Thursday,18.76
9/1/2025 3:00,Selangor,Fast Charger,36.47,4.04,3,Thursday,14.59
9/1/2025 3:00,Penang,Normal Charger,22.85,1.9,3,Thursday,9.14
9/1/2025 5:00,Melaka,Normal Charger,51.5,0.96,5,Thursday,20.6
9/1/2025 5:00,Johor Bahru,Fast Charger,46.63,1.99,5,Thursday,18.65
9/1/2025 8:00,Melaka,Normal Charger,49.97,2.38,8,Thursday,19.99
9/1/2025 8:00,Melaka,Normal Charger,24.06,0.98,8,Thursday,9.62
9/1/2025 8:00,Penang,Normal Charger,24.21,3.59,8,Thursday,9.68
9/1/2025 9:00,Putrajaya,Fast Charger,17.37,0.55,9,Thursday,6.95
9/1/2025 9:00,Penang,Fast Charger,47.08,2.03,9,Thursday,18.83
9/1/2025 10:00,Selangor,Normal Charger,19.47,3.21,10,Thursday,7.79
9/1/2025 10:00,Selangor,Fast Charger,36.7,1.75,10,Thursday,14.68
9/1/2025 11:00,Selangor,Normal Charger,26.21,2.95,11,Thursday,10.48
9/1/2025 12:00,Johor Bahru,Fast Charger,43.07,3.57,12,Thursday,17.23
9/1/2025 13:00,Penang,Normal Charger,33.06,1.01,13,Thursday,13.22
9/1/2025 14:00,Penang,Fast Charger,35.04,4.31,14,Thursday,14.02
9/1/2025 14:00,Penang,Normal Charger,52.24,1.63,14,Thursday,20.9
9/1/2025 15:00,Penang,Normal Charger,30.23,3.84,15,Thursday,12.09
9/1/2025 17:00,Johor Bahru,Normal Charger,25.71,3.71,17,Thursday,10.28
9/1/2025 17:00,Putrajaya,Normal Charger,12.68,2.45,17,Thursday,5.07
9/1/2025 19:00,Melaka,Normal Charger,23.3,3.4,19,Thursday,13.98
9/1/2025 20:00,Putrajaya,Normal Charger,23.91,3.49,20,Thursday,14.35
9/1/2025 21:00,Melaka,Normal Charger,22.71,1.94,21,Thursday,13.63
9/1/2025 22:00,Johor Bahru,Normal Charger,31.92,1.35,22,Thursday,19.15
9/1/2025 22:00,Putrajaya,Normal Charger,14.35,4.2,22,Thursday,8.61
9/1/2025 22:00,Melaka,Normal Charger,33.7,2.89,22,Thursday,20.22
9/1/2025 23:00,Selangor,Normal Charger,30.65,3.42,23,Thursday,12.26
9/1/2025 23:00,Penang,Normal Charger,44.23,2.57,23,Thursday,17.69
10/1/2025 0:00,Penang,Fast Charger,49.67,1.79,0,Friday,19.87
10/1/2025 0:00,Kuala Lumpur,Normal Charger,35.18,4.47,0,Friday,14.07
10/1/2025 0:00,Selangor,Fast Charger,31.65,1.73,0,Friday,12.66
10/1/2025 0:00,Putrajaya,Normal Charger,15.39,2.71,0,Friday,6.16
10/1/2025 1:00,Johor Bahru,Fast Charger,43.23,1.68,1,Friday,17.29
10/1/2025 1:00,Kuala Lumpur,Fast Charger,49.45,1.88,1,Friday,19.78
10/1/2025 1:00,Selangor,Normal Charger,34.08,1.43,1,Friday,13.63
10/1/2025 3:00,Melaka,Fast Charger,26.14,3.22,3,Friday,10.46
10/1/2025 3:00,Selangor,Normal Charger,55.61,1.52,3,Friday,22.24
10/1/2025 3:00,Selangor,Fast Charger,39.84,1.15,3,Friday,15.94
10/1/2025 3:00,Melaka,Normal Charger,10.53,0.99,3,Friday,4.21
10/1/2025 5:00,Selangor,Normal Charger,34.37,3.5,5,Friday,13.75
10/1/2025 6:00,Johor Bahru,Normal Charger,13.13,3.93,6,Friday,5.25
10/1/2025 6:00,Selangor,Fast Charger,40.16,1.66,6,Friday,16.06
10/1/2025 6:00,Selangor,Fast Charger,48.26,3.39,6,Friday,19.3
10/1/2025 7:00,Johor Bahru,Fast Charger,14.57,4.32,7,Friday,5.83
10/1/2025 8:00,Selangor,Normal Charger,12.98,2.4,8,Friday,5.19
10/1/2025 8:00,Putrajaya,Normal Charger,15.5,3.22,8,Friday,6.2
10/1/2025 8:00,Johor Bahru,Fast Charger,56.83,0.65,8,Friday,22.73
10/1/2025 8:00,Melaka,Fast Charger,36.58,1.16,8,Friday,14.63
10/1/2025 8:00,Penang,Fast Charger,13.36,3.01,8,Friday,5.34
10/1/2025 9:00,Kuala Lumpur,Normal Charger,11.99,4.17,9,Friday,4.8
10/1/2025 10:00,Penang,Normal Charger,16.74,0.51,10,Friday,6.7
10/1/2025 10:00,Kuala Lumpur,Normal Charger,35.82,1.16,10,Friday,14.33
10/1/2025 11:00,Kuala Lumpur,Fast Charger,26.55,3.48,11,Friday,10.62
10/1/2025 11:00,Kuala Lumpur,Normal Charger,45.07,1.64,11,Friday,18.03
10/1/2025 12:00,Johor Bahru,Fast Charger,48.23,3.6,12,Friday,19.29
10/1/2025 12:00,Putrajaya,Fast Charger,49.05,3.88,12,Friday,19.62
10/1/2025 12:00,Melaka,Normal Charger,21.2,1.05,12,Friday,8.48
10/1/2025 12:00,Kuala Lumpur,Normal Charger,35.14,3.52,12,Friday,14.06
10/1/2025 12:00,Johor Bahru,Normal Charger,41.91,1.38,12,Friday,16.76
10/1/2025 13:00,Kuala Lumpur,Normal Charger,52.91,1.37,13,Friday,21.16
10/1/2025 13:00,Putrajaya,Normal Charger,8.41,2.71,13,Friday,3.36
10/1/2025 14:00,Johor Bahru,Normal Charger,44.72,3.28,14,Friday,17.89
10/1/2025 14:00,Kuala Lumpur,Fast Charger,17.85,3.82,14,Friday,7.14
10/1/2025 14:00,Selangor,Normal Charger,30.39,4.23,14,Friday,12.16
10/1/2025 14:00,Melaka,Normal Charger,31.41,1.71,14,Friday,12.56
10/1/2025 14:00,Penang,Normal Charger,42.22,1.5,14,Friday,16.89
10/1/2025 16:00,Selangor,Fast Charger,44.18,4.44,16,Friday,17.67
10/1/2025 16:00,Penang,Normal Charger,8.71,2.9,16,Friday,3.48
10/1/2025 16:00,Kuala Lumpur,Fast Charger,59.36,2.34,16,Friday,23.74
10/1/2025 16:00,Johor Bahru,Normal Charger,52.98,2.91,16,Friday,21.19
10/1/2025 16:00,Selangor,Normal Charger,35.55,2.72,16,Friday,14.22
10/1/2025 16:00,Melaka,Normal Charger,18.96,2.39,16,Friday,7.58
10/1/2025 17:00,Putrajaya,Normal Charger,43.87,0.74,17,Friday,17.55
10/1/2025 18:00,Selangor,Normal Charger,52.77,0.83,18,Friday,21.11
10/1/2025 19:00,Kuala Lumpur,Fast Charger,37.81,3.71,19,Friday,22.69
10/1/2025 19:00,Selangor,Fast Charger,39.29,3.38,19,Friday,23.57
10/1/2025 20:00,Johor Bahru,Normal Charger,44.74,1.77,20,Friday,26.84
10/1/2025 22:00,Johor Bahru,Normal Charger,37.25,0.99,22,Friday,22.35
10/1/2025 22:00,Selangor,Normal Charger,29.77,0.85,22,Friday,17.86
10/1/2025 22:00,Selangor,Fast Charger,18.14,4,22,Friday,10.88
11/1/2025 0:00,Melaka,Normal Charger,9.03,4.4,0,Saturday,3.61
11/1/2025 1:00,Melaka,Fast Charger,17.92,4.05,1,Saturday,7.17
11/1/2025 1:00,Putrajaya,Fast Charger,36.21,3.53,1,Saturday,14.48
11/1/2025 2:00,Kuala Lumpur,Fast Charger,37.15,1.93,2,Saturday,14.86
11/1/2025 2:00,Melaka,Fast Charger,43.23,4.41,2,Saturday,17.29
11/1/2025 3:00,Putrajaya,Normal Charger,16.49,2.98,3,Saturday,6.6
11/1/2025 3:00,Putrajaya,Fast Charger,47.47,1.1,3,Saturday,18.99
11/1/2025 5:00,Selangor,Normal Charger,37.74,3.88,5,Saturday,15.1
11/1/2025 6:00,Putrajaya,Fast Charger,56.32,0.62,6,Saturday,22.53
11/1/2025 6:00,Johor Bahru,Fast Charger,36.18,1.68,6,Saturday,14.47
11/1/2025 8:00,Selangor,Fast Charger,20.33,3.67,8,Saturday,8.13
11/1/2025 8:00,Johor Bahru,Normal Charger,46.97,2.8,8,Saturday,18.79
11/1/2025 9:00,Melaka,Fast Charger,27.3,2.26,9,Saturday,10.92
11/1/2025 10:00,Johor Bahru,Normal Charger,26.05,2.09,10,Saturday,10.42
11/1/2025 11:00,Melaka,Normal Charger,57.58,3.95,11,Saturday,23.03
11/1/2025 11:00,Putrajaya,Fast Charger,52.22,3.76,11,Saturday,20.89
11/1/2025 12:00,Johor Bahru,Normal Charger,39.18,0.95,12,Saturday,15.67
11/1/2025 12:00,Melaka,Normal Charger,35.66,0.59,12,Saturday,14.26
11/1/2025 12:00,Melaka,Fast Charger,26.85,4.34,12,Saturday,10.74
11/1/2025 12:00,Kuala Lumpur,Normal Charger,30.97,0.65,12,Saturday,12.39
11/1/2025 12:00,Selangor,Fast Charger,42.04,2.17,12,Saturday,16.82
11/1/2025 12:00,Melaka,Fast Charger,18.43,2.09,12,Saturday,7.37
11/1/2025 13:00,Kuala Lumpur,Normal Charger,33.66,1.91,13,Saturday,13.46
11/1/2025 13:00,Selangor,Normal Charger,54.13,4.12,13,Saturday,21.65
11/1/2025 13:00,Putrajaya,Fast Charger,26.04,2.24,13,Saturday,10.42
11/1/2025 13:00,Kuala Lumpur,Fast Charger,20.97,2.97,13,Saturday,8.39
11/1/2025 13:00,Kuala Lumpur,Normal Charger,33.97,3.97,13,Saturday,13.59
11/1/2025 15:00,Penang,Fast Charger,23.43,0.67,15,Saturday,9.37
11/1/2025 15:00,Putrajaya,Normal Charger,45.19,2.75,15,Saturday,18.08
11/1/2025 16:00,Kuala Lumpur,Normal Charger,18,1.48,16,Saturday,7.2
11/1/2025 17:00,Melaka,Fast Charger,38.6,3.95,17,Saturday,15.44
11/1/2025 18:00,Selangor,Fast Charger,19.42,1.43,18,Saturday,7.77
11/1/2025 18:00,Kuala Lumpur,Normal Charger,18.63,3.66,18,Saturday,7.45
11/1/2025 18:00,Penang,Normal Charger,54.59,4.21,18,Saturday,21.84
11/1/2025 20:00,Kuala Lumpur,Normal Charger,50.66,1.56,20,Saturday,30.4
11/1/2025 20:00,Johor Bahru,Fast Charger,36.98,3.28,20,Saturday,22.19
11/1/2025 22:00,Kuala Lumpur,Fast Charger,19.2,3.64,22,Saturday,11.52
11/1/2025 23:00,Melaka,Normal Charger,11.17,2.11,23,Saturday,4.47
11/1/2025 23:00,Kuala Lumpur,Fast Charger,47.94,3.93,23,Saturday,19.18
11/1/2025 23:00,Penang,Fast Charger,44.26,1.92,23,Saturday,17.7
12/1/2025 0:00,Johor Bahru,Normal Charger,24.23,2.68,0,Sunday,9.69
12/1/2025 3:00,Melaka,Fast Charger,25.55,2.51,3,Sunday,10.22
12/1/2025 3:00,Selangor,Fast Charger,27.41,2.32,3,Sunday,10.96
12/1/2025 3:00,Selangor,Normal Charger,57.84,3.44,3,Sunday,23.14
12/1/2025 4:00,Penang,Fast Charger,29.04,1.76,4,Sunday,11.62
12/1/2025 5:00,Putrajaya,Normal Charger,10.29,2.04,5,Sunday,4.12
12/1/2025 5:00,Selangor,Normal Charger,13.11,1.79,5,Sunday,5.24
12/1/2025 6:00,Selangor,Fast Charger,23.38,2.36,6,Sunday,9.35
12/1/2025 6:00,Johor Bahru,Normal Charger,49.78,2.72,6,Sunday,19.91
12/1/2025 7:00,Melaka,Fast Charger,27.47,0.92,7,Sunday,10.99
12/1/2025 8:00,Johor Bahru,Normal Charger,43.06,3.56,8,Sunday,17.22
12/1/2025 8:00,Penang,Fast Charger,55.49,3,8,Sunday,22.2
12/1/2025 9:00,Selangor,Normal Charger,25.52,1.73,9,Sunday,10.21
12/1/2025 9:00,Selangor,Fast Charger,31.55,1.76,9,Sunday,12.62
12/1/2025 12:00,Putrajaya,Normal Charger,18.92,3,12,Sunday,7.57
12/1/2025 12:00,Selangor,Fast Charger,28.29,3.72,12,Sunday,11.32
12/1/2025 12:00,Melaka,Normal Charger,35.67,3.19,12,Sunday,14.27
12/1/2025 12:00,Kuala Lumpur,Normal Charger,53.38,3.61,12,Sunday,21.35
12/1/2025 12:00,Penang,Normal Charger,40.76,1.23,12,Sunday,16.3
12/1/2025 14:00,Johor Bahru,Normal Charger,56.55,3.68,14,Sunday,22.62
12/1/2025 15:00,Johor Bahru,Normal Charger,42.58,2.73,15,Sunday,17.03
12/1/2025 15:00,Penang,Normal Charger,23.39,1.64,15,Sunday,9.36
12/1/2025 16:00,Johor Bahru,Normal Charger,52.36,3.19,16,Sunday,20.94
12/1/2025 17:00,Melaka,Normal Charger,33.26,2.89,17,Sunday,13.3
12/1/2025 17:00,Kuala Lumpur,Fast Charger,56.9,4.12,17,Sunday,22.76
12/1/2025 18:00,Melaka,Fast Charger,36.89,1.73,18,Sunday,14.76
12/1/2025 18:00,Melaka,Normal Charger,30.41,1.38,18,Sunday,12.16
12/1/2025 18:00,Kuala Lumpur,Fast Charger,21.25,1.53,18,Sunday,8.5
12/1/2025 19:00,Penang,Fast Charger,19.24,4.11,19,Sunday,11.54
12/1/2025 20:00,Melaka,Fast Charger,13.39,2.48,20,Sunday,8.03
12/1/2025 20:00,Kuala Lumpur,Fast Charger,19.7,1.05,20,Sunday,11.82
12/1/2025 20:00,Selangor,Normal Charger,19.25,1.31,20,Sunday,11.55
12/1/2025 20:00,Selangor,Normal Charger,15.34,0.97,20,Sunday,9.2
12/1/2025 21:00,Putrajaya,Fast Charger,42.13,3.2,21,Sunday,25.28
12/1/2025 23:00,Selangor,Normal Charger,14.16,1.33,23,Sunday,5.66
12/1/2025 23:00,Putrajaya,Normal Charger,15.89,1.2,23,Sunday,6.36
13/1/2025 0:00,Selangor,Fast Charger,30.56,1.9,0,Monday,12.22
13/1/2025 0:00,Selangor,Fast Charger,42.45,2.04,0,Monday,16.98
13/1/2025 0:00,Penang,Normal Charger,46.16,2.63,0,Monday,18.46
13/1/2025 0:00,Kuala Lumpur,Fast Charger,31.08,2.69,0,Monday,12.43
13/1/2025 0:00,Kuala Lumpur,Fast Charger,13.07,2.46,0,Monday,5.23
13/1/2025 2:00,Selangor,Fast Charger,44.05,2.53,2,Monday,17.62
13/1/2025 3:00,Melaka,Normal Charger,31.9,1.77,3,Monday,12.76
13/1/2025 5:00,Selangor,Normal Charger,19.16,4.02,5,Monday,7.66
13/1/2025 6:00,Selangor,Fast Charger,35.96,3.91,6,Monday,14.38
13/1/2025 7:00,Melaka,Fast Charger,25.92,4.08,7,Monday,10.37
13/1/2025 7:00,Kuala Lumpur,Normal Charger,35.65,1.76,7,Monday,14.26
13/1/2025 7:00,Kuala Lumpur,Normal Charger,19.11,1.34,7,Monday,7.64
13/1/2025 7:00,Melaka,Normal Charger,51.93,1.05,7,Monday,20.77
13/1/2025 8:00,Penang,Normal Charger,29.84,3.28,8,Monday,11.94
13/1/2025 9:00,Melaka,Fast Charger,26.45,4.08,9,Monday,10.58
13/1/2025 11:00,Kuala Lumpur,Normal Charger,30.02,2.84,11,Monday,12.01
13/1/2025 12:00,Kuala Lumpur,Normal Charger,43.66,1.8,12,Monday,17.46
13/1/2025 13:00,Melaka,Normal Charger,45.54,0.72,13,Monday,18.22
13/1/2025 13:00,Selangor,Normal Charger,14.79,0.54,13,Monday,5.92
13/1/2025 13:00,Johor Bahru,Fast Charger,22.48,1.34,13,Monday,8.99
13/1/2025 14:00,Johor Bahru,Fast Charger,26.22,2.83,14,Monday,10.49
13/1/2025 14:00,Kuala Lumpur,Fast Charger,21.14,4.01,14,Monday,8.46
13/1/2025 15:00,Johor Bahru,Fast Charger,27.93,2.77,15,Monday,11.17
13/1/2025 16:00,Kuala Lumpur,Fast Charger,36.37,4.32,16,Monday,14.55
13/1/2025 16:00,Putrajaya,Normal Charger,59.24,2.55,16,Monday,23.7
13/1/2025 16:00,Johor Bahru,Fast Charger,29.22,0.54,16,Monday,11.69
13/1/2025 17:00,Melaka,Normal Charger,27.58,3.82,17,Monday,11.03
13/1/2025 17:00,Johor Bahru,Normal Charger,54.49,3.85,17,Monday,21.8
13/1/2025 19:00,Penang,Fast Charger,23.29,2.11,19,Monday,13.97
13/1/2025 20:00,Putrajaya,Normal Charger,35.84,1.77,20,Monday,21.5
13/1/2025 20:00,Selangor,Normal Charger,32.09,0.61,20,Monday,19.25
13/1/2025 23:00,Melaka,Fast Charger,52.18,0.96,23,Monday,20.87
14/1/2025 0:00,Johor Bahru,Normal Charger,34.69,0.65,0,Tuesday,13.88
14/1/2025 0:00,Putrajaya,Normal Charger,35.23,2.21,0,Tuesday,14.09
14/1/2025 1:00,Kuala Lumpur,Normal Charger,39.79,3.03,1,Tuesday,15.92
14/1/2025 1:00,Kuala Lumpur,Fast Charger,26.83,3.03,1,Tuesday,10.73
14/1/2025 2:00,Johor Bahru,Normal Charger,57.39,2.02,2,Tuesday,22.96
14/1/2025 3:00,Kuala Lumpur,Fast Charger,19.47,2.82,3,Tuesday,7.79
14/1/2025 3:00,Kuala Lumpur,Normal Charger,44.75,0.82,3,Tuesday,17.9
14/1/2025 5:00,Johor Bahru,Normal Charger,41.7,1.66,5,Tuesday,16.68
14/1/2025 5:00,Melaka,Fast Charger,46.49,2.37,5,Tuesday,18.6
14/1/2025 5:00,Penang,Normal Charger,29.88,0.99,5,Tuesday,11.95
14/1/2025 6:00,Kuala Lumpur,Normal Charger,37.98,2.43,6,Tuesday,15.19
14/1/2025 7:00,Johor Bahru,Fast Charger,19.65,3.41,7,Tuesday,7.86
14/1/2025 7:00,Putrajaya,Fast Charger,14.08,2.44,7,Tuesday,5.63
14/1/2025 7:00,Selangor,Normal Charger,43.82,2.57,7,Tuesday,17.53
14/1/2025 8:00,Johor Bahru,Normal Charger,15.26,3.75,8,Tuesday,6.1
14/1/2025 8:00,Melaka,Fast Charger,9.15,1.59,8,Tuesday,3.66
14/1/2025 9:00,Kuala Lumpur,Normal Charger,26.8,2.47,9,Tuesday,10.72
14/1/2025 10:00,Kuala Lumpur,Normal Charger,36.15,4.37,10,Tuesday,14.46
14/1/2025 10:00,Kuala Lumpur,Normal Charger,14.32,1.18,10,Tuesday,5.73
14/1/2025 11:00,Penang,Normal Charger,27.88,2.18,11,Tuesday,11.15
14/1/2025 11:00,Selangor,Normal Charger,20.22,1.76,11,Tuesday,8.09
14/1/2025 12:00,Johor Bahru,Normal Charger,23.96,0.56,12,Tuesday,9.58
14/1/2025 13:00,Melaka,Normal Charger,34.66,1.76,13,Tuesday,13.86
14/1/2025 13:00,Melaka,Fast Charger,9.65,3.91,13,Tuesday,3.86
14/1/2025 14:00,Kuala Lumpur,Fast Charger,31.59,2.95,14,Tuesday,12.64
14/1/2025 14:00,Kuala Lumpur,Normal Charger,25.54,1.47,14,Tuesday,10.22
14/1/2025 15:00,Melaka,Fast Charger,32.49,0.62,15,Tuesday,13
14/1/2025 16:00,Penang,Fast Charger,48.64,1.2,16,Tuesday,19.46
14/1/2025 17:00,Melaka,Fast Charger,26.39,0.79,17,Tuesday,10.56
14/1/2025 17:00,Johor Bahru,Fast Charger,34.67,2.51,17,Tuesday,13.87
14/1/2025 18:00,Melaka,Fast Charger,12.94,0.99,18,Tuesday,5.18
14/1/2025 18:00,Putrajaya,Normal Charger,59.5,2.62,18,Tuesday,23.8
14/1/2025 21:00,Putrajaya,Normal Charger,56.73,1.24,21,Tuesday,34.04
14/1/2025 22:00,Johor Bahru,Normal Charger,21.8,2.14,22,Tuesday,13.08
14/1/2025 22:00,Putrajaya,Normal Charger,39.72,4.3,22,Tuesday,23.83
14/1/2025 23:00,Johor Bahru,Fast Charger,28.08,2.05,23,Tuesday,11.23
15/1/2025 0:00,Selangor,Normal Charger,39.06,3.9,0,Wednesday,15.62
15/1/2025 1:00,Melaka,Normal Charger,39.14,3.8,1,Wednesday,15.66
15/1/2025 1:00,Penang,Fast Charger,9.6,3.79,1,Wednesday,3.84
15/1/2025 1:00,Selangor,Fast Charger,9.53,3.71,1,Wednesday,3.81
15/1/2025 2:00,Putrajaya,Normal Charger,10.2,4.24,2,Wednesday,4.08
15/1/2025 3:00,Penang,Normal Charger,39.26,4.27,3,Wednesday,15.7
15/1/2025 3:00,Johor Bahru,Normal Charger,29.55,1.8,3,Wednesday,11.82
15/1/2025 4:00,Johor Bahru,Normal Charger,18.78,1.16,4,Wednesday,7.51
15/1/2025 5:00,Kuala Lumpur,Fast Charger,11.15,4.19,5,Wednesday,4.46
15/1/2025 5:00,Penang,Normal Charger,43.01,4.48,5,Wednesday,17.2
15/1/2025 5:00,Penang,Normal Charger,25.55,3.11,5,Wednesday,10.22
15/1/2025 5:00,Kuala Lumpur,Normal Charger,37.7,3.07,5,Wednesday,15.08
15/1/2025 7:00,Selangor,Normal Charger,10.36,2.99,7,Wednesday,4.14
15/1/2025 7:00,Kuala Lumpur,Normal Charger,24.22,0.82,7,Wednesday,9.69
15/1/2025 9:00,Penang,Normal Charger,48.37,3.28,9,Wednesday,19.35
15/1/2025 9:00,Melaka,Normal Charger,52.54,2.57,9,Wednesday,21.02
15/1/2025 9:00,Melaka,Fast Charger,57.23,1.51,9,Wednesday,22.89
15/1/2025 9:00,Penang,Fast Charger,15.78,0.83,9,Wednesday,6.31
15/1/2025 9:00,Putrajaya,Normal Charger,38.93,1.87,9,Wednesday,15.57
15/1/2025 9:00,Selangor,Fast Charger,17.45,2.15,9,Wednesday,6.98
15/1/2025 9:00,Penang,Normal Charger,42.88,1.28,9,Wednesday,17.15
15/1/2025 10:00,Selangor,Normal Charger,40.58,2.21,10,Wednesday,16.23
15/1/2025 11:00,Johor Bahru,Fast Charger,55.57,4.4,11,Wednesday,22.23
15/1/2025 11:00,Putrajaya,Normal Charger,49.6,2.09,11,Wednesday,19.84
15/1/2025 11:00,Putrajaya,Normal Charger,29.14,0.97,11,Wednesday,11.66
15/1/2025 11:00,Selangor,Normal Charger,59.31,1.43,11,Wednesday,23.72
15/1/2025 12:00,Johor Bahru,Normal Charger,59.81,4.16,12,Wednesday,23.92
15/1/2025 12:00,Penang,Fast Charger,31.88,3.19,12,Wednesday,12.75
15/1/2025 12:00,Putrajaya,Normal Charger,13.18,3.95,12,Wednesday,5.27
15/1/2025 12:00,Selangor,Normal Charger,34.64,1.53,12,Wednesday,13.86
15/1/2025 13:00,Putrajaya,Normal Charger,35.64,1.48,13,Wednesday,14.26
15/1/2025 13:00,Putrajaya,Fast Charger,53.4,2.54,13,Wednesday,21.36
15/1/2025 13:00,Penang,Normal Charger,38.23,3.22,13,Wednesday,15.29
15/1/2025 13:00,Penang,Fast Charger,25.27,2.68,13,Wednesday,10.11
15/1/2025 17:00,Penang,Normal Charger,34.64,4.06,17,Wednesday,13.86
15/1/2025 19:00,Putrajaya,Normal Charger,11.99,1.59,19,Wednesday,7.19
15/1/2025 20:00,Kuala Lumpur,Normal Charger,28.32,2.88,20,Wednesday,16.99
15/1/2025 21:00,Melaka,Normal Charger,23.73,3.48,21,Wednesday,14.24
15/1/2025 22:00,Kuala Lumpur,Normal Charger,35.02,1.77,22,Wednesday,21.01
15/1/2025 23:00,Johor Bahru,Normal Charger,58.75,2.46,23,Wednesday,23.5
15/1/2025 23:00,Kuala Lumpur,Fast Charger,40.57,3.78,23,Wednesday,16.23
16/1/2025 0:00,Melaka,Normal Charger,58.76,0.99,0,Thursday,23.5
16/1/2025 0:00,Penang,Normal Charger,14.53,3.06,0,Thursday,5.81
16/1/2025 2:00,Putrajaya,Normal Charger,37.4,2.08,2,Thursday,14.96
16/1/2025 2:00,Selangor,Normal Charger,59.21,2.82,2,Thursday,23.68
16/1/2025 4:00,Johor Bahru,Normal Charger,57.33,3.32,4,Thursday,22.93
16/1/2025 4:00,Kuala Lumpur,Normal Charger,22.46,2.9,4,Thursday,8.98
16/1/2025 4:00,Selangor,Normal Charger,56.08,2.58,4,Thursday,22.43
16/1/2025 6:00,Selangor,Normal Charger,9.07,2.27,6,Thursday,3.63
16/1/2025 6:00,Johor Bahru,Fast Charger,24.07,4.15,6,Thursday,9.63
16/1/2025 8:00,Selangor,Fast Charger,43.94,2.37,8,Thursday,17.58
16/1/2025 8:00,Kuala Lumpur,Normal Charger,58.3,4.19,8,Thursday,23.32
16/1/2025 8:00,Kuala Lumpur,Fast Charger,30.88,2.83,8,Thursday,12.35
16/1/2025 9:00,Melaka,Fast Charger,33.19,1.4,9,Thursday,13.28
16/1/2025 10:00,Johor Bahru,Normal Charger,37.44,4.44,10,Thursday,14.98
16/1/2025 10:00,Kuala Lumpur,Fast Charger,31.12,2.84,10,Thursday,12.45
16/1/2025 12:00,Selangor,Fast Charger,45.79,4.49,12,Thursday,18.32
16/1/2025 12:00,Johor Bahru,Normal Charger,54.71,3.5,12,Thursday,21.88
16/1/2025 12:00,Selangor,Normal Charger,25.93,3.42,12,Thursday,10.37
16/1/2025 12:00,Melaka,Fast Charger,18.78,4,12,Thursday,7.51
16/1/2025 13:00,Selangor,Normal Charger,16.95,0.96,13,Thursday,6.78
16/1/2025 13:00,Melaka,Normal Charger,48.22,3.29,13,Thursday,19.29
16/1/2025 13:00,Johor Bahru,Normal Charger,42.54,2.64,13,Thursday,17.02
16/1/2025 14:00,Putrajaya,Fast Charger,45.47,1.28,14,Thursday,18.19
16/1/2025 15:00,Melaka,Normal Charger,24.21,1.81,15,Thursday,9.68
16/1/2025 15:00,Johor Bahru,Normal Charger,54.2,1.81,15,Thursday,21.68
16/1/2025 16:00,Putrajaya,Fast Charger,15.13,0.92,16,Thursday,6.05
16/1/2025 16:00,Kuala Lumpur,Fast Charger,58.91,3.2,16,Thursday,23.56
16/1/2025 17:00,Kuala Lumpur,Fast Charger,22.55,1.69,17,Thursday,9.02
16/1/2025 18:00,Melaka,Normal Charger,43.43,3.72,18,Thursday,17.37
16/1/2025 18:00,Penang,Normal Charger,37.07,3.94,18,Thursday,14.83
16/1/2025 19:00,Penang,Normal Charger,37.01,3.15,19,Thursday,22.21
16/1/2025 19:00,Putrajaya,Fast Charger,34.04,2.27,19,Thursday,20.42
16/1/2025 19:00,Selangor,Fast Charger,42.59,2.04,19,Thursday,25.55
16/1/2025 23:00,Johor Bahru,Fast Charger,8.89,3.99,23,Thursday,3.56
17/1/2025 0:00,Selangor,Fast Charger,49.59,1.4,0,Friday,19.84
17/1/2025 0:00,Penang,Normal Charger,8.35,2.98,0,Friday,3.34
17/1/2025 0:00,Penang,Normal Charger,36.48,4.22,0,Friday,14.59
17/1/2025 1:00,Melaka,Fast Charger,49.31,1.71,1,Friday,19.72
17/1/2025 1:00,Johor Bahru,Normal Charger,28.37,2.43,1,Friday,11.35
17/1/2025 1:00,Melaka,Normal Charger,21.92,2.25,1,Friday,8.77
17/1/2025 1:00,Selangor,Fast Charger,12.55,2.28,1,Friday,5.02
17/1/2025 1:00,Putrajaya,Fast Charger,31.44,3.42,1,Friday,12.58
17/1/2025 2:00,Penang,Fast Charger,27.52,0.75,2,Friday,11.01
17/1/2025 2:00,Selangor,Normal Charger,42.95,1.04,2,Friday,17.18
17/1/2025 3:00,Melaka,Normal Charger,59.98,3.85,3,Friday,23.99
17/1/2025 3:00,Melaka,Normal Charger,40.87,4.2,3,Friday,16.35
17/1/2025 4:00,Johor Bahru,Normal Charger,25.56,4.42,4,Friday,10.22
17/1/2025 5:00,Johor Bahru,Fast Charger,37.12,2.5,5,Friday,14.85
17/1/2025 5:00,Johor Bahru,Normal Charger,59.18,3.73,5,Friday,23.67
17/1/2025 6:00,Kuala Lumpur,Normal Charger,27.74,2.01,6,Friday,11.1
17/1/2025 6:00,Penang,Normal Charger,14.72,3.26,6,Friday,5.89
17/1/2025 7:00,Putrajaya,Fast Charger,45.07,1.07,7,Friday,18.03
17/1/2025 7:00,Johor Bahru,Fast Charger,49.47,1.78,7,Friday,19.79
17/1/2025 7:00,Putrajaya,Normal Charger,49.05,2.96,7,Friday,19.62
17/1/2025 8:00,Melaka,Fast Charger,59.05,2.26,8,Friday,23.62
17/1/2025 8:00,Penang,Fast Charger,46.97,3.09,8,Friday,18.79
17/1/2025 8:00,Putrajaya,Normal Charger,58.66,2.11,8,Friday,23.46
17/1/2025 8:00,Penang,Normal Charger,56.64,2.59,8,Friday,22.66
17/1/2025 9:00,Melaka,Normal Charger,48.76,2.21,9,Friday,19.5
17/1/2025 9:00,Selangor,Fast Charger,48.78,4.44,9,Friday,19.51
17/1/2025 11:00,Putrajaya,Normal Charger,56.8,0.72,11,Friday,22.72
17/1/2025 11:00,Selangor,Normal Charger,52.16,3.75,11,Friday,20.86
17/1/2025 11:00,Melaka,Normal Charger,31,3.9,11,Friday,12.4
17/1/2025 12:00,Melaka,Fast Charger,35.49,0.5,12,Friday,14.2
17/1/2025 12:00,Melaka,Normal Charger,23.81,0.6,12,Friday,9.52
17/1/2025 13:00,Putrajaya,Fast Charger,9.47,2,13,Friday,3.79
17/1/2025 13:00,Johor Bahru,Normal Charger,24.27,2.7,13,Friday,9.71
17/1/2025 13:00,Melaka,Normal Charger,27.32,3.99,13,Friday,10.93
17/1/2025 15:00,Kuala Lumpur,Normal Charger,44.22,1.99,15,Friday,17.69
17/1/2025 16:00,Melaka,Normal Charger,47.54,3.32,16,Friday,19.02
17/1/2025 16:00,Penang,Normal Charger,46.45,1.19,16,Friday,18.58
17/1/2025 16:00,Kuala Lumpur,Normal Charger,56.05,2.89,16,Friday,22.42
17/1/2025 16:00,Selangor,Normal Charger,59.4,2.92,16,Friday,23.76
17/1/2025 17:00,Kuala Lumpur,Normal Charger,58.57,1.65,17,Friday,23.43
17/1/2025 17:00,Melaka,Fast Charger,47,3.95,17,Friday,18.8
17/1/2025 17:00,Putrajaya,Fast Charger,11.89,3.95,17,Friday,4.76
17/1/2025 18:00,Selangor,Normal Charger,36.44,1.73,18,Friday,14.58
17/1/2025 18:00,Selangor,Normal Charger,48.16,3.29,18,Friday,19.26
17/1/2025 18:00,Kuala Lumpur,Fast Charger,55.58,3.13,18,Friday,22.23
17/1/2025 19:00,Putrajaya,Normal Charger,49.59,2.26,19,Friday,29.75
17/1/2025 20:00,Johor Bahru,Normal Charger,14.41,1.95,20,Friday,8.65
17/1/2025 20:00,Johor Bahru,Fast Charger,46.02,2.3,20,Friday,27.61
17/1/2025 20:00,Penang,Normal Charger,10.89,3.35,20,Friday,6.53
17/1/2025 22:00,Selangor,Normal Charger,56.62,1.68,22,Friday,33.97
17/1/2025 22:00,Kuala Lumpur,Normal Charger,45.15,2.2,22,Friday,27.09
17/1/2025 22:00,Putrajaya,Normal Charger,8.5,4.28,22,Friday,5.1
17/1/2025 23:00,Melaka,Normal Charger,58.72,3.34,23,Friday,23.49
17/1/2025 23:00,Selangor,Fast Charger,29.42,3.02,23,Friday,11.77
18/1/2025 0:00,Johor Bahru,Normal Charger,39.36,2.14,0,Saturday,15.74
18/1/2025 1:00,Selangor,Normal Charger,10.43,0.78,1,Saturday,4.17
18/1/2025 1:00,Selangor,Normal Charger,48.67,0.84,1,Saturday,19.47
18/1/2025 2:00,Putrajaya,Normal Charger,39.49,1.88,2,Saturday,15.8
18/1/2025 2:00,Selangor,Fast Charger,48.57,2.69,2,Saturday,19.43
18/1/2025 2:00,Johor Bahru,Normal Charger,34.02,3.12,2,Saturday,13.61
18/1/2025 4:00,Penang,Normal Charger,29.59,1.11,4,Saturday,11.84
18/1/2025 5:00,Johor Bahru,Fast Charger,56.41,3.87,5,Saturday,22.56
18/1/2025 6:00,Melaka,Normal Charger,8.45,3.51,6,Saturday,3.38
18/1/2025 6:00,Putrajaya,Normal Charger,53.84,1.43,6,Saturday,21.54
18/1/2025 6:00,Johor Bahru,Fast Charger,55.38,0.54,6,Saturday,22.15
18/1/2025 7:00,Johor Bahru,Normal Charger,56.69,1.52,7,Saturday,22.68
18/1/2025 8:00,Johor Bahru,Normal Charger,36.57,1.03,8,Saturday,14.63
18/1/2025 9:00,Penang,Fast Charger,22.97,2.51,9,Saturday,9.19
18/1/2025 9:00,Penang,Normal Charger,10.63,0.9,9,Saturday,4.25
18/1/2025 9:00,Penang,Fast Charger,59.13,4.23,9,Saturday,23.65
18/1/2025 10:00,Penang,Normal Charger,51.85,1.77,10,Saturday,20.74
18/1/2025 10:00,Johor Bahru,Fast Charger,18.62,3.35,10,Saturday,7.45
18/1/2025 11:00,Johor Bahru,Fast Charger,24.31,3.89,11,Saturday,9.72
18/1/2025 11:00,Melaka,Normal Charger,8.42,0.9,11,Saturday,3.37
18/1/2025 11:00,Kuala Lumpur,Fast Charger,53.43,2.28,11,Saturday,21.37
18/1/2025 11:00,Putrajaya,Fast Charger,50.86,0.72,11,Saturday,20.34
18/1/2025 13:00,Melaka,Fast Charger,41.17,0.56,13,Saturday,16.47
18/1/2025 13:00,Johor Bahru,Normal Charger,9.52,1.8,13,Saturday,3.81
18/1/2025 13:00,Melaka,Normal Charger,10.78,2.29,13,Saturday,4.31
18/1/2025 13:00,Putrajaya,Normal Charger,18.62,4.23,13,Saturday,7.45
18/1/2025 15:00,Selangor,Normal Charger,12.27,1.86,15,Saturday,4.91
18/1/2025 16:00,Kuala Lumpur,Normal Charger,39.4,2.42,16,Saturday,15.76
18/1/2025 18:00,Selangor,Normal Charger,31.08,3.76,18,Saturday,12.43
18/1/2025 19:00,Melaka,Normal Charger,34.92,3.24,19,Saturday,20.95
18/1/2025 20:00,Melaka,Normal Charger,13.49,3.96,20,Saturday,8.09
18/1/2025 22:00,Melaka,Normal Charger,11.22,3.73,22,Saturday,6.73
18/1/2025 23:00,Kuala Lumpur,Normal Charger,8.76,1.81,23,Saturday,3.5
19/1/2025 2:00,Selangor,Normal Charger,37.19,1.27,2,Sunday,14.88
19/1/2025 2:00,Melaka,Fast Charger,13.78,1.42,2,Sunday,5.51
19/1/2025 2:00,Johor Bahru,Fast Charger,36.83,3.15,2,Sunday,14.73
19/1/2025 2:00,Selangor,Fast Charger,40.42,3.3,2,Sunday,16.17
19/1/2025 2:00,Johor Bahru,Normal Charger,27.41,1.51,2,Sunday,10.96
19/1/2025 3:00,Putrajaya,Normal Charger,14.86,1.71,3,Sunday,5.94
19/1/2025 3:00,Putrajaya,Fast Charger,21.28,0.57,3,Sunday,8.51
19/1/2025 4:00,Penang,Fast Charger,54.97,3.45,4,Sunday,21.99
19/1/2025 4:00,Putrajaya,Normal Charger,40.88,2.08,4,Sunday,16.35
19/1/2025 5:00,Putrajaya,Fast Charger,21.15,1.35,5,Sunday,8.46
19/1/2025 5:00,Selangor,Normal Charger,36.78,1.31,5,Sunday,14.71
19/1/2025 6:00,Melaka,Fast Charger,56.86,2.62,6,Sunday,22.74
19/1/2025 8:00,Penang,Fast Charger,13.6,3.94,8,Sunday,5.44
19/1/2025 8:00,Selangor,Normal Charger,57,2.41,8,Sunday,22.8
19/1/2025 8:00,Penang,Normal Charger,19.6,0.93,8,Sunday,7.84
19/1/2025 9:00,Melaka,Fast Charger,36.17,3.36,9,Sunday,14.47
19/1/2025 9:00,Selangor,Normal Charger,41.36,2.33,9,Sunday,16.54
19/1/2025 10:00,Johor Bahru,Normal Charger,21.19,0.94,10,Sunday,8.48
19/1/2025 10:00,Putrajaya,Normal Charger,43.47,0.61,10,Sunday,17.39
19/1/2025 11:00,Kuala Lumpur,Normal Charger,53.84,1.01,11,Sunday,21.54
19/1/2025 12:00,Kuala Lumpur,Fast Charger,38.39,3.28,12,Sunday,15.36
19/1/2025 12:00,Johor Bahru,Normal Charger,29.11,0.83,12,Sunday,11.64
19/1/2025 13:00,Kuala Lumpur,Fast Charger,13.5,3.17,13,Sunday,5.4
19/1/2025 13:00,Putrajaya,Normal Charger,52.44,0.58,13,Sunday,20.98
19/1/2025 14:00,Melaka,Normal Charger,18.37,0.97,14,Sunday,7.35
19/1/2025 14:00,Putrajaya,Normal Charger,10.36,2.8,14,Sunday,4.14
19/1/2025 15:00,Selangor,Fast Charger,12.75,3.67,15,Sunday,5.1
19/1/2025 16:00,Selangor,Normal Charger,16.6,3.54,16,Sunday,6.64
19/1/2025 17:00,Putrajaya,Normal Charger,32.74,2.41,17,Sunday,13.1
19/1/2025 17:00,Melaka,Normal Charger,22.66,1.62,17,Sunday,9.06
19/1/2025 18:00,Selangor,Normal Charger,44.54,4.15,18,Sunday,17.82
19/1/2025 19:00,Johor Bahru,Normal Charger,47.82,4.39,19,Sunday,28.69
19/1/2025 20:00,Melaka,Fast Charger,48.89,2.3,20,Sunday,29.33
19/1/2025 20:00,Putrajaya,Normal Charger,48.91,0.6,20,Sunday,29.35
19/1/2025 20:00,Johor Bahru,Fast Charger,35.1,3.73,20,Sunday,21.06
19/1/2025 22:00,Melaka,Normal Charger,21.99,0.67,22,Sunday,13.19
19/1/2025 22:00,Melaka,Normal Charger,8.82,4.2,22,Sunday,5.29
19/1/2025 23:00,Johor Bahru,Fast Charger,11.85,2.82,23,Sunday,4.74
19/1/2025 23:00,Penang,Fast Charger,34.08,0.63,23,Sunday,13.63
19/1/2025 23:00,Melaka,Fast Charger,14.35,1.09,23,Sunday,5.74
20/1/2025 0:00,Kuala Lumpur,Normal Charger,56.48,4.16,0,Monday,22.59
20/1/2025 0:00,Penang,Normal Charger,30.31,3.03,0,Monday,12.12
20/1/2025 1:00,Penang,Normal Charger,40.18,2.64,1,Monday,16.07
20/1/2025 1:00,Johor Bahru,Normal Charger,46.28,3.34,1,Monday,18.51
20/1/2025 2:00,Johor Bahru,Normal Charger,20.99,2.45,2,Monday,8.4
20/1/2025 2:00,Johor Bahru,Normal Charger,50.99,3.31,2,Monday,20.4
20/1/2025 3:00,Selangor,Normal Charger,25.45,3.38,3,Monday,10.18
20/1/2025 3:00,Johor Bahru,Fast Charger,57.01,4.03,3,Monday,22.8
20/1/2025 3:00,Putrajaya,Normal Charger,11.19,2.47,3,Monday,4.48
20/1/2025 4:00,Kuala Lumpur,Fast Charger,20.87,3.59,4,Monday,8.35
20/1/2025 4:00,Selangor,Fast Charger,42.11,1.05,4,Monday,16.84
20/1/2025 4:00,Melaka,Normal Charger,8.16,3.19,4,Monday,3.26
20/1/2025 5:00,Kuala Lumpur,Fast Charger,56.2,1.99,5,Monday,22.48
20/1/2025 5:00,Selangor,Fast Charger,14.51,0.87,5,Monday,5.8
20/1/2025 5:00,Putrajaya,Normal Charger,40.5,1.73,5,Monday,16.2
20/1/2025 7:00,Selangor,Normal Charger,30.8,3.67,7,Monday,12.32
20/1/2025 9:00,Johor Bahru,Fast Charger,55.96,4.23,9,Monday,22.38
20/1/2025 10:00,Penang,Fast Charger,53.73,3.1,10,Monday,21.49
20/1/2025 11:00,Kuala Lumpur,Normal Charger,12.79,3.3,11,Monday,5.12
20/1/2025 12:00,Kuala Lumpur,Normal Charger,46.16,2.12,12,Monday,18.46
20/1/2025 12:00,Putrajaya,Fast Charger,28.92,1.43,12,Monday,11.57
20/1/2025 13:00,Kuala Lumpur,Normal Charger,23.34,0.58,13,Monday,9.34
20/1/2025 13:00,Melaka,Normal Charger,46.83,1.58,13,Monday,18.73
20/1/2025 14:00,Putrajaya,Normal Charger,50.98,1.73,14,Monday,20.39
20/1/2025 14:00,Melaka,Normal Charger,56.52,0.77,14,Monday,22.61
20/1/2025 15:00,Johor Bahru,Fast Charger,28.14,2.12,15,Monday,11.26
20/1/2025 15:00,Penang,Fast Charger,30.38,2.31,15,Monday,12.15
20/1/2025 16:00,Penang,Fast Charger,8.82,2.19,16,Monday,3.53
20/1/2025 16:00,Penang,Fast Charger,8.6,3.83,16,Monday,3.44
20/1/2025 16:00,Johor Bahru,Normal Charger,29.81,2.41,16,Monday,11.92
20/1/2025 17:00,Johor Bahru,Normal Charger,11.13,4.17,17,Monday,4.45
20/1/2025 17:00,Penang,Normal Charger,47.44,1.52,17,Monday,18.98
20/1/2025 17:00,Johor Bahru,Fast Charger,46.64,1.28,17,Monday,18.66
20/1/2025 17:00,Selangor,Fast Charger,43.26,1.63,17,Monday,17.3
20/1/2025 18:00,Kuala Lumpur,Fast Charger,18.05,3.75,18,Monday,7.22
20/1/2025 18:00,Penang,Normal Charger,52.8,1.56,18,Monday,21.12
20/1/2025 18:00,Penang,Normal Charger,8.52,2.87,18,Monday,3.41
20/1/2025 19:00,Johor Bahru,Fast Charger,17.94,2.69,19,Monday,10.76
20/1/2025 19:00,Selangor,Normal Charger,30.34,2.4,19,Monday,18.2
20/1/2025 19:00,Selangor,Fast Charger,29.64,4.41,19,Monday,17.78
20/1/2025 19:00,Putrajaya,Normal Charger,49.75,1.6,19,Monday,29.85
20/1/2025 19:00,Kuala Lumpur,Normal Charger,39.03,2.35,19,Monday,23.42
20/1/2025 20:00,Johor Bahru,Normal Charger,10.36,2.81,20,Monday,6.22
20/1/2025 20:00,Selangor,Normal Charger,49.31,0.74,20,Monday,29.59
20/1/2025 20:00,Penang,Normal Charger,47.2,4.35,20,Monday,28.32
20/1/2025 20:00,Selangor,Normal Charger,16.95,3.08,20,Monday,10.17
20/1/2025 21:00,Selangor,Fast Charger,54.47,4.28,21,Monday,32.68
21/1/2025 0:00,Putrajaya,Fast Charger,50.08,2.6,0,Tuesday,20.03
21/1/2025 0:00,Putrajaya,Normal Charger,57.12,1.24,0,Tuesday,22.85
21/1/2025 3:00,Johor Bahru,Normal Charger,28.31,1.47,3,Tuesday,11.32
21/1/2025 4:00,Selangor,Fast Charger,22.19,2.45,4,Tuesday,8.88
21/1/2025 4:00,Kuala Lumpur,Fast Charger,29.41,0.69,4,Tuesday,11.76
21/1/2025 4:00,Penang,Fast Charger,50.54,3.41,4,Tuesday,20.22
21/1/2025 7:00,Johor Bahru,Fast Charger,52.42,0.67,7,Tuesday,20.97
21/1/2025 7:00,Selangor,Fast Charger,39.64,0.87,7,Tuesday,15.86
21/1/2025 8:00,Penang,Normal Charger,50.56,1.8,8,Tuesday,20.22
21/1/2025 9:00,Melaka,Normal Charger,34.06,2.87,9,Tuesday,13.62
21/1/2025 9:00,Kuala Lumpur,Normal Charger,20.67,3.63,9,Tuesday,8.27
21/1/2025 10:00,Penang,Normal Charger,57.08,3.36,10,Tuesday,22.83
21/1/2025 11:00,Penang,Fast Charger,23.08,3.73,11,Tuesday,9.23
21/1/2025 11:00,Penang,Normal Charger,51.31,3.94,11,Tuesday,20.52
21/1/2025 12:00,Melaka,Normal Charger,32.13,4.05,12,Tuesday,12.85
21/1/2025 12:00,Johor Bahru,Fast Charger,16.18,3.17,12,Tuesday,6.47
21/1/2025 15:00,Johor Bahru,Normal Charger,31.55,2.38,15,Tuesday,12.62
21/1/2025 16:00,Selangor,Fast Charger,36.78,2.97,16,Tuesday,14.71
21/1/2025 16:00,Johor Bahru,Normal Charger,17.64,1.74,16,Tuesday,7.06
21/1/2025 16:00,Putrajaya,Normal Charger,29.38,1.18,16,Tuesday,11.75
21/1/2025 18:00,Putrajaya,Normal Charger,50.84,1.93,18,Tuesday,20.34
21/1/2025 18:00,Putrajaya,Normal Charger,48.67,4.07,18,Tuesday,19.47
21/1/2025 19:00,Selangor,Normal Charger,24.37,2.11,19,Tuesday,14.62
21/1/2025 19:00,Putrajaya,Normal Charger,8.28,1.31,19,Tuesday,4.97
21/1/2025 19:00,Selangor,Fast Charger,43.64,1.07,19,Tuesday,26.18
21/1/2025 20:00,Johor Bahru,Fast Charger,15.83,2.04,20,Tuesday,9.5
21/1/2025 20:00,Melaka,Fast Charger,33.19,1.74,20,Tuesday,19.91
21/1/2025 21:00,Selangor,Fast Charger,48.59,3.76,21,Tuesday,29.15
21/1/2025 21:00,Selangor,Normal Charger,16.79,1.02,21,Tuesday,10.07
21/1/2025 22:00,Johor Bahru,Fast Charger,58,3.72,22,Tuesday,34.8
21/1/2025 22:00,Johor Bahru,Fast Charger,11.69,1.4,22,Tuesday,7.01
21/1/2025 22:00,Kuala Lumpur,Fast Charger,10.35,4.35,22,Tuesday,6.21
21/1/2025 22:00,Penang,Normal Charger,24.52,3.63,22,Tuesday,14.71
21/1/2025 23:00,Penang,Normal Charger,22.61,0.55,23,Tuesday,9.04
21/1/2025 23:00,Selangor,Normal Charger,40.08,2.49,23,Tuesday,16.03
22/1/2025 0:00,Putrajaya,Fast Charger,14.51,2.31,0,Wednesday,5.8
22/1/2025 0:00,Kuala Lumpur,Normal Charger,39.7,3.91,0,Wednesday,15.88
22/1/2025 1:00,Selangor,Fast Charger,56.95,4.2,1,Wednesday,22.78
22/1/2025 1:00,Putrajaya,Normal Charger,18.32,2.5,1,Wednesday,7.33
22/1/2025 1:00,Melaka,Normal Charger,18.59,2.95,1,Wednesday,7.44
22/1/2025 1:00,Penang,Fast Charger,44.72,1.59,1,Wednesday,17.89
22/1/2025 3:00,Kuala Lumpur,Fast Charger,19.24,2.62,3,Wednesday,7.7
22/1/2025 3:00,Penang,Normal Charger,56.83,0.72,3,Wednesday,22.73
22/1/2025 3:00,Penang,Normal Charger,44.61,3.82,3,Wednesday,17.84
22/1/2025 4:00,Selangor,Fast Charger,21.98,4.11,4,Wednesday,8.79
22/1/2025 5:00,Johor Bahru,Fast Charger,48.77,0.56,5,Wednesday,19.51
22/1/2025 5:00,Melaka,Normal Charger,37.31,2.16,5,Wednesday,14.92
22/1/2025 6:00,Johor Bahru,Normal Charger,11.97,3.32,6,Wednesday,4.79
22/1/2025 6:00,Selangor,Normal Charger,44.45,3.21,6,Wednesday,17.78
22/1/2025 6:00,Melaka,Normal Charger,25.01,2.96,6,Wednesday,10
22/1/2025 6:00,Johor Bahru,Normal Charger,16.91,1.06,6,Wednesday,6.76
22/1/2025 6:00,Selangor,Normal Charger,14.08,0.75,6,Wednesday,5.63
22/1/2025 6:00,Selangor,Fast Charger,53.9,0.6,6,Wednesday,21.56
22/1/2025 7:00,Johor Bahru,Fast Charger,54.99,4.44,7,Wednesday,22
22/1/2025 7:00,Melaka,Normal Charger,57.15,3.43,7,Wednesday,22.86
22/1/2025 8:00,Kuala Lumpur,Normal Charger,16.09,3.43,8,Wednesday,6.44
22/1/2025 8:00,Melaka,Normal Charger,20.04,3.28,8,Wednesday,8.02
22/1/2025 8:00,Putrajaya,Normal Charger,37.56,1.27,8,Wednesday,15.02
22/1/2025 8:00,Penang,Normal Charger,56.26,1.62,8,Wednesday,22.5
22/1/2025 11:00,Penang,Normal Charger,29.58,1.94,11,Wednesday,11.83
22/1/2025 11:00,Melaka,Normal Charger,8.79,2.97,11,Wednesday,3.52
22/1/2025 11:00,Putrajaya,Normal Charger,27.42,2.86,11,Wednesday,10.97
22/1/2025 12:00,Selangor,Fast Charger,19.19,4.47,12,Wednesday,7.68
22/1/2025 12:00,Kuala Lumpur,Fast Charger,46.89,2.41,12,Wednesday,18.76
22/1/2025 13:00,Selangor,Normal Charger,32.02,0.69,13,Wednesday,12.81
22/1/2025 13:00,Putrajaya,Fast Charger,44.32,2.25,13,Wednesday,17.73
22/1/2025 13:00,Johor Bahru,Normal Charger,50.77,1.38,13,Wednesday,20.31
22/1/2025 14:00,Kuala Lumpur,Fast Charger,13.72,0.85,14,Wednesday,5.49
22/1/2025 15:00,Kuala Lumpur,Fast Charger,14.42,4.2,15,Wednesday,5.77
22/1/2025 16:00,Melaka,Normal Charger,36.56,1.05,16,Wednesday,14.62
22/1/2025 17:00,Johor Bahru,Normal Charger,54.88,2.12,17,Wednesday,21.95
22/1/2025 17:00,Selangor,Fast Charger,21.43,0.77,17,Wednesday,8.57
22/1/2025 19:00,Penang,Normal Charger,36.94,2.01,19,Wednesday,22.16
22/1/2025 20:00,Putrajaya,Normal Charger,47.19,3.46,20,Wednesday,28.31
22/1/2025 20:00,Kuala Lumpur,Fast Charger,12.36,3.11,20,Wednesday,7.42
22/1/2025 20:00,Putrajaya,Normal Charger,17.21,1.75,20,Wednesday,10.33
22/1/2025 20:00,Selangor,Fast Charger,54.96,3.8,20,Wednesday,32.98
22/1/2025 21:00,Johor Bahru,Normal Charger,16.63,1.63,21,Wednesday,9.98
22/1/2025 21:00,Johor Bahru,Fast Charger,31.69,2.28,21,Wednesday,19.01
22/1/2025 21:00,Putrajaya,Normal Charger,24.28,4.06,21,Wednesday,14.57
22/1/2025 21:00,Selangor,Normal Charger,19.28,0.7,21,Wednesday,11.57
23/1/2025 0:00,Putrajaya,Normal Charger,22.94,3.01,0,Thursday,9.18
23/1/2025 2:00,Putrajaya,Fast Charger,46.51,4.41,2,Thursday,18.6
23/1/2025 3:00,Johor Bahru,Fast Charger,10.87,2.78,3,Thursday,4.35
23/1/2025 3:00,Johor Bahru,Normal Charger,14.02,1.6,3,Thursday,5.61
23/1/2025 5:00,Kuala Lumpur,Fast Charger,18.39,3.54,5,Thursday,7.36
23/1/2025 8:00,Kuala Lumpur,Fast Charger,41.67,1.7,8,Thursday,16.67
23/1/2025 8:00,Putrajaya,Fast Charger,19.53,0.98,8,Thursday,7.81
23/1/2025 9:00,Selangor,Normal Charger,43.31,2.46,9,Thursday,17.32
23/1/2025 11:00,Penang,Fast Charger,16.11,3.46,11,Thursday,6.44
23/1/2025 12:00,Kuala Lumpur,Normal Charger,20.85,2.1,12,Thursday,8.34
23/1/2025 13:00,Selangor,Normal Charger,56.08,1.34,13,Thursday,22.43
23/1/2025 14:00,Johor Bahru,Normal Charger,57.02,1.83,14,Thursday,22.81
23/1/2025 16:00,Selangor,Normal Charger,38.4,3.73,16,Thursday,15.36
23/1/2025 17:00,Kuala Lumpur,Fast Charger,27.54,2.98,17,Thursday,11.02
23/1/2025 17:00,Kuala Lumpur,Normal Charger,56.22,1.3,17,Thursday,22.49
23/1/2025 18:00,Selangor,Normal Charger,50.06,3.19,18,Thursday,20.02
23/1/2025 18:00,Kuala Lumpur,Normal Charger,22.12,2.32,18,Thursday,8.85
23/1/2025 18:00,Putrajaya,Fast Charger,25.27,2.13,18,Thursday,10.11
23/1/2025 18:00,Putrajaya,Normal Charger,53.52,2.64,18,Thursday,21.41
23/1/2025 19:00,Penang,Normal Charger,48.56,3.45,19,Thursday,29.14
23/1/2025 19:00,Johor Bahru,Fast Charger,30.69,1.33,19,Thursday,18.41
23/1/2025 21:00,Selangor,Fast Charger,20.33,2.97,21,Thursday,12.2
23/1/2025 21:00,Melaka,Fast Charger,54.68,3.49,21,Thursday,32.81
23/1/2025 21:00,Penang,Normal Charger,22.34,3.33,21,Thursday,13.4
23/1/2025 21:00,Penang,Normal Charger,29.83,3.47,21,Thursday,17.9
23/1/2025 22:00,Melaka,Fast Charger,55.4,2.91,22,Thursday,33.24
23/1/2025 22:00,Melaka,Normal Charger,37.98,3.45,22,Thursday,22.79
23/1/2025 22:00,Putrajaya,Fast Charger,45.09,1.22,22,Thursday,27.05
24/1/2025 1:00,Melaka,Normal Charger,56.89,2.98,1,Friday,22.76
24/1/2025 1:00,Kuala Lumpur,Normal Charger,22.86,2.37,1,Friday,9.14
24/1/2025 1:00,Penang,Normal Charger,40.66,1.61,1,Friday,16.26
24/1/2025 3:00,Johor Bahru,Normal Charger,48.83,1.85,3,Friday,19.53
24/1/2025 3:00,Melaka,Fast Charger,31.34,1.7,3,Friday,12.54
24/1/2025 3:00,Melaka,Normal Charger,46.91,0.73,3,Friday,18.76
24/1/2025 3:00,Johor Bahru,Normal Charger,14.65,3.19,3,Friday,5.86
24/1/2025 4:00,Penang,Normal Charger,59.07,0.8,4,Friday,23.63
24/1/2025 5:00,Melaka,Normal Charger,17.06,0.63,5,Friday,6.82
24/1/2025 6:00,Selangor,Fast Charger,19.35,3.66,6,Friday,7.74
24/1/2025 7:00,Kuala Lumpur,Fast Charger,11.64,4.13,7,Friday,4.66
24/1/2025 8:00,Johor Bahru,Fast Charger,18.59,3.72,8,Friday,7.44
24/1/2025 8:00,Johor Bahru,Normal Charger,25.93,1.03,8,Friday,10.37
24/1/2025 9:00,Selangor,Fast Charger,57.36,3.75,9,Friday,22.94
24/1/2025 10:00,Putrajaya,Normal Charger,41.31,3.7,10,Friday,16.52
24/1/2025 10:00,Penang,Normal Charger,31.05,4.48,10,Friday,12.42
24/1/2025 10:00,Selangor,Fast Charger,38.68,4.38,10,Friday,15.47
24/1/2025 11:00,Penang,Fast Charger,28.32,2.4,11,Friday,11.33
24/1/2025 11:00,Kuala Lumpur,Normal Charger,44.6,2.09,11,Friday,17.84
24/1/2025 11:00,Selangor,Fast Charger,55.66,3.64,11,Friday,22.26
24/1/2025 12:00,Putrajaya,Normal Charger,27.8,4.2,12,Friday,11.12
24/1/2025 12:00,Putrajaya,Normal Charger,50.53,3.86,12,Friday,20.21
24/1/2025 12:00,Johor Bahru,Normal Charger,11.61,1.72,12,Friday,4.64
24/1/2025 13:00,Putrajaya,Fast Charger,19.08,3.2,13,Friday,7.63
24/1/2025 13:00,Penang,Normal Charger,40.79,3.39,13,Friday,16.32
24/1/2025 13:00,Kuala Lumpur,Normal Charger,48.6,1.77,13,Friday,19.44
24/1/2025 13:00,Johor Bahru,Normal Charger,46.09,0.96,13,Friday,18.44
24/1/2025 14:00,Melaka,Normal Charger,26.93,1.87,14,Friday,10.77
24/1/2025 14:00,Penang,Normal Charger,29.63,3.95,14,Friday,11.85
24/1/2025 16:00,Putrajaya,Normal Charger,43.16,0.52,16,Friday,17.26
24/1/2025 17:00,Melaka,Normal Charger,53.85,2.46,17,Friday,21.54
24/1/2025 17:00,Putrajaya,Normal Charger,52.58,3.58,17,Friday,21.03
24/1/2025 19:00,Kuala Lumpur,Fast Charger,32.18,3.42,19,Friday,19.31
24/1/2025 19:00,Penang,Normal Charger,20.44,3.75,19,Friday,12.26
24/1/2025 19:00,Johor Bahru,Normal Charger,25.32,0.55,19,Friday,15.19
24/1/2025 20:00,Kuala Lumpur,Normal Charger,41.13,1.43,20,Friday,24.68
24/1/2025 21:00,Penang,Normal Charger,57.53,4.48,21,Friday,34.52
24/1/2025 21:00,Penang,Fast Charger,48.81,4.13,21,Friday,29.29
24/1/2025 21:00,Penang,Normal Charger,52.9,1.21,21,Friday,31.74
24/1/2025 21:00,Kuala Lumpur,Normal Charger,24.62,4.07,21,Friday,14.77
24/1/2025 22:00,Penang,Normal Charger,29.35,3.04,22,Friday,17.61
24/1/2025 22:00,Selangor,Fast Charger,43.3,3.2,22,Friday,25.98
24/1/2025 22:00,Putrajaya,Fast Charger,16.13,1.85,22,Friday,9.68
24/1/2025 22:00,Penang,Normal Charger,17.72,3.83,22,Friday,10.63
25/1/2025 0:00,Melaka,Normal Charger,30.42,1.33,0,Saturday,12.17
25/1/2025 1:00,Kuala Lumpur,Fast Charger,38.62,2.28,1,Saturday,15.45
25/1/2025 1:00,Selangor,Normal Charger,18.68,1.04,1,Saturday,7.47
25/1/2025 2:00,Kuala Lumpur,Fast Charger,48.61,1.13,2,Saturday,19.44
25/1/2025 2:00,Johor Bahru,Normal Charger,32.16,3.81,2,Saturday,12.86
25/1/2025 3:00,Kuala Lumpur,Normal Charger,56.96,3.83,3,Saturday,22.78
25/1/2025 3:00,Johor Bahru,Normal Charger,32.42,2.67,3,Saturday,12.97
25/1/2025 4:00,Putrajaya,Normal Charger,11.98,1,4,Saturday,4.79
25/1/2025 4:00,Penang,Fast Charger,26.2,0.74,4,Saturday,10.48
25/1/2025 5:00,Melaka,Fast Charger,26.47,1.7,5,Saturday,10.59
25/1/2025 10:00,Melaka,Normal Charger,48.94,4.24,10,Saturday,19.58
25/1/2025 11:00,Johor Bahru,Normal Charger,40.2,1.5,11,Saturday,16.08
25/1/2025 11:00,Selangor,Fast Charger,56.88,3,11,Saturday,22.75
25/1/2025 13:00,Johor Bahru,Normal Charger,9.56,1.63,13,Saturday,3.82
25/1/2025 16:00,Selangor,Normal Charger,14.47,2.36,16,Saturday,5.79
25/1/2025 17:00,Kuala Lumpur,Normal Charger,28.58,1.78,17,Saturday,11.43
25/1/2025 18:00,Melaka,Fast Charger,45.95,2.36,18,Saturday,18.38
25/1/2025 19:00,Melaka,Normal Charger,17.5,3.67,19,Saturday,10.5
25/1/2025 19:00,Kuala Lumpur,Normal Charger,32.22,3.13,19,Saturday,19.33
25/1/2025 21:00,Penang,Fast Charger,22.27,1.43,21,Saturday,13.36
26/1/2025 0:00,Penang,Normal Charger,54.76,1.65,0,Sunday,21.9
26/1/2025 0:00,Kuala Lumpur,Normal Charger,45.92,1.47,0,Sunday,18.37
26/1/2025 0:00,Kuala Lumpur,Normal Charger,29.1,2.96,0,Sunday,11.64
26/1/2025 1:00,Penang,Fast Charger,32,3.22,1,Sunday,12.8
26/1/2025 1:00,Selangor,Normal Charger,24.51,4.41,1,Sunday,9.8
26/1/2025 3:00,Melaka,Normal Charger,21.75,2.11,3,Sunday,8.7
26/1/2025 3:00,Selangor,Normal Charger,44.17,2.85,3,Sunday,17.67
26/1/2025 3:00,Melaka,Normal Charger,10.18,1.82,3,Sunday,4.07
26/1/2025 3:00,Selangor,Normal Charger,34.61,1.75,3,Sunday,13.84
26/1/2025 4:00,Penang,Normal Charger,50.73,2.55,4,Sunday,20.29
26/1/2025 5:00,Putrajaya,Fast Charger,44.38,2.56,5,Sunday,17.75
26/1/2025 5:00,Melaka,Fast Charger,8.87,4.09,5,Sunday,3.55
26/1/2025 6:00,Kuala Lumpur,Fast Charger,33.45,3.56,6,Sunday,13.38
26/1/2025 6:00,Putrajaya,Fast Charger,35.2,2.22,6,Sunday,14.08
26/1/2025 6:00,Penang,Fast Charger,32.08,0.6,6,Sunday,12.83
26/1/2025 7:00,Johor Bahru,Normal Charger,11.55,3.99,7,Sunday,4.62
26/1/2025 7:00,Johor Bahru,Normal Charger,47.43,2.82,7,Sunday,18.97
26/1/2025 8:00,Putrajaya,Normal Charger,39.33,3.79,8,Sunday,15.73
26/1/2025 8:00,Kuala Lumpur,Normal Charger,12.38,1.78,8,Sunday,4.95
26/1/2025 8:00,Selangor,Fast Charger,51.06,3.79,8,Sunday,20.42
26/1/2025 9:00,Kuala Lumpur,Normal Charger,33.9,3.98,9,Sunday,13.56
26/1/2025 9:00,Melaka,Fast Charger,37.1,2.65,9,Sunday,14.84
26/1/2025 10:00,Putrajaya,Fast Charger,30.09,1.1,10,Sunday,12.04
26/1/2025 11:00,Kuala Lumpur,Normal Charger,28.1,3.66,11,Sunday,11.24
26/1/2025 11:00,Putrajaya,Normal Charger,54.37,1.57,11,Sunday,21.75
26/1/2025 12:00,Melaka,Fast Charger,35.34,1.22,12,Sunday,14.14
26/1/2025 12:00,Kuala Lumpur,Normal Charger,52.61,4.48,12,Sunday,21.04
26/1/2025 12:00,Putrajaya,Normal Charger,43.21,3.57,12,Sunday,17.28
26/1/2025 12:00,Johor Bahru,Fast Charger,47.62,0.73,12,Sunday,19.05
26/1/2025 12:00,Melaka,Fast Charger,46.03,2.14,12,Sunday,18.41
26/1/2025 12:00,Putrajaya,Fast Charger,31.44,0.58,12,Sunday,12.58
26/1/2025 12:00,Penang,Fast Charger,52.88,3.15,12,Sunday,21.15
26/1/2025 14:00,Penang,Normal Charger,26.95,3.11,14,Sunday,10.78
26/1/2025 15:00,Penang,Fast Charger,10.72,2.65,15,Sunday,4.29
26/1/2025 15:00,Melaka,Normal Charger,22.46,0.66,15,Sunday,8.98
26/1/2025 15:00,Melaka,Fast Charger,58.37,3.5,15,Sunday,23.35
26/1/2025 15:00,Penang,Normal Charger,43.9,3.48,15,Sunday,17.56
26/1/2025 16:00,Putrajaya,Normal Charger,48.23,3.72,16,Sunday,19.29
26/1/2025 19:00,Johor Bahru,Fast Charger,48.61,3.58,19,Sunday,29.17
26/1/2025 19:00,Melaka,Fast Charger,53.46,3.3,19,Sunday,32.08
26/1/2025 21:00,Kuala Lumpur,Normal Charger,48.64,2.27,21,Sunday,29.18
26/1/2025 22:00,Kuala Lumpur,Normal Charger,36.13,2.83,22,Sunday,21.68
26/1/2025 22:00,Melaka,Normal Charger,13.57,2.05,22,Sunday,8.14
26/1/2025 22:00,Putrajaya,Normal Charger,49.86,1.14,22,Sunday,29.92
26/1/2025 22:00,Melaka,Normal Charger,48.61,2.03,22,Sunday,29.17
26/1/2025 23:00,Putrajaya,Fast Charger,9.31,2.51,23,Sunday,3.72
26/1/2025 23:00,Penang,Normal Charger,19.33,2.64,23,Sunday,7.73
26/1/2025 23:00,Melaka,Normal Charger,27.35,4,23,Sunday,10.94
27/1/2025 0:00,Selangor,Normal Charger,40.22,1.87,0,Monday,16.09
27/1/2025 0:00,Kuala Lumpur,Fast Charger,29.39,2.36,0,Monday,11.76
27/1/2025 0:00,Kuala Lumpur,Fast Charger,20.98,1.55,0,Monday,8.39
27/1/2025 1:00,Kuala Lumpur,Fast Charger,38.27,2.97,1,Monday,15.31
27/1/2025 1:00,Melaka,Fast Charger,19.3,2,1,Monday,7.72
27/1/2025 2:00,Putrajaya,Normal Charger,17.94,0.76,2,Monday,7.18
27/1/2025 3:00,Putrajaya,Fast Charger,9.82,1.37,3,Monday,3.93
27/1/2025 3:00,Selangor,Normal Charger,38.27,2.7,3,Monday,15.31
27/1/2025 5:00,Johor Bahru,Fast Charger,38.41,2.67,5,Monday,15.36
27/1/2025 6:00,Kuala Lumpur,Normal Charger,44.93,0.85,6,Monday,17.97
27/1/2025 8:00,Kuala Lumpur,Fast Charger,17.87,1.98,8,Monday,7.15
27/1/2025 9:00,Penang,Normal Charger,11.63,2.81,9,Monday,4.65
27/1/2025 9:00,Penang,Normal Charger,40.92,3.63,9,Monday,16.37
27/1/2025 9:00,Selangor,Fast Charger,59.44,0.74,9,Monday,23.78
27/1/2025 9:00,Putrajaya,Normal Charger,32.22,2.2,9,Monday,12.89
27/1/2025 10:00,Kuala Lumpur,Fast Charger,53.99,3.97,10,Monday,21.6
27/1/2025 11:00,Selangor,Fast Charger,8.7,0.78,11,Monday,3.48
27/1/2025 12:00,Johor Bahru,Normal Charger,36.93,0.75,12,Monday,14.77
27/1/2025 13:00,Selangor,Normal Charger,40.05,2.61,13,Monday,16.02
27/1/2025 13:00,Penang,Normal Charger,10.23,1.78,13,Monday,4.09
27/1/2025 13:00,Penang,Normal Charger,40.51,1.36,13,Monday,16.2
27/1/2025 14:00,Selangor,Fast Charger,24.17,0.95,14,Monday,9.67
27/1/2025 14:00,Putrajaya,Normal Charger,55.47,3.36,14,Monday,22.19
27/1/2025 15:00,Johor Bahru,Normal Charger,13.82,2.04,15,Monday,5.53
27/1/2025 15:00,Johor Bahru,Normal Charger,22.55,1.36,15,Monday,9.02
27/1/2025 15:00,Putrajaya,Normal Charger,24.91,3.43,15,Monday,9.96
27/1/2025 15:00,Melaka,Normal Charger,10.6,2.08,15,Monday,4.24
27/1/2025 16:00,Melaka,Fast Charger,31.42,1.77,16,Monday,12.57
27/1/2025 16:00,Penang,Normal Charger,26.51,2.38,16,Monday,10.6
27/1/2025 17:00,Penang,Normal Charger,37.42,0.91,17,Monday,14.97
27/1/2025 17:00,Melaka,Normal Charger,31.35,1.69,17,Monday,12.54
27/1/2025 18:00,Melaka,Fast Charger,24.46,2.47,18,Monday,9.78
27/1/2025 18:00,Penang,Fast Charger,31.21,1.94,18,Monday,12.48
27/1/2025 19:00,Kuala Lumpur,Fast Charger,59.23,2.56,19,Monday,35.54
27/1/2025 20:00,Penang,Fast Charger,49.27,1.33,20,Monday,29.56
27/1/2025 20:00,Melaka,Fast Charger,41.88,2.39,20,Monday,25.13
27/1/2025 20:00,Penang,Fast Charger,34.72,3.73,20,Monday,20.83
27/1/2025 21:00,Selangor,Fast Charger,46.14,4.49,21,Monday,27.68
27/1/2025 21:00,Penang,Fast Charger,54.58,1.74,21,Monday,32.75
27/1/2025 21:00,Putrajaya,Normal Charger,10.61,1.52,21,Monday,6.37
27/1/2025 22:00,Kuala Lumpur,Normal Charger,21.15,3.64,22,Monday,12.69
27/1/2025 23:00,Melaka,Normal Charger,51.12,3,23,Monday,20.45
27/1/2025 23:00,Melaka,Normal Charger,52.57,1.31,23,Monday,21.03
27/1/2025 23:00,Melaka,Normal Charger,34.35,4.41,23,Monday,13.74
27/1/2025 23:00,Putrajaya,Normal Charger,38.15,2.11,23,Monday,15.26
28/1/2025 0:00,Penang,Normal Charger,34.87,3.76,0,Tuesday,13.95
28/1/2025 1:00,Penang,Normal Charger,16.11,1.27,1,Tuesday,6.44
28/1/2025 3:00,Selangor,Fast Charger,22.73,2.94,3,Tuesday,9.09
28/1/2025 4:00,Selangor,Normal Charger,20,0.72,4,Tuesday,8
28/1/2025 4:00,Putrajaya,Fast Charger,40.85,3.78,4,Tuesday,16.34
28/1/2025 5:00,Selangor,Fast Charger,33.78,2.59,5,Tuesday,13.51
28/1/2025 5:00,Melaka,Normal Charger,15.17,1.65,5,Tuesday,6.07
28/1/2025 6:00,Melaka,Normal Charger,53.66,2.59,6,Tuesday,21.46
28/1/2025 7:00,Penang,Normal Charger,9.07,3.32,7,Tuesday,3.63
28/1/2025 7:00,Melaka,Fast Charger,50.67,1.3,7,Tuesday,20.27
28/1/2025 7:00,Selangor,Fast Charger,51.8,1,7,Tuesday,20.72
28/1/2025 8:00,Selangor,Fast Charger,22.61,0.67,8,Tuesday,9.04
28/1/2025 8:00,Selangor,Normal Charger,9.3,1.72,8,Tuesday,3.72
28/1/2025 9:00,Putrajaya,Fast Charger,31.98,3.09,9,Tuesday,12.79
28/1/2025 10:00,Putrajaya,Normal Charger,52.33,3.59,10,Tuesday,20.93
28/1/2025 10:00,Melaka,Fast Charger,40.88,1.82,10,Tuesday,16.35
28/1/2025 10:00,Selangor,Normal Charger,8.81,2.39,10,Tuesday,3.52
28/1/2025 10:00,Kuala Lumpur,Fast Charger,48.08,4.12,10,Tuesday,19.23
28/1/2025 10:00,Kuala Lumpur,Normal Charger,32.7,2.01,10,Tuesday,13.08
28/1/2025 11:00,Putrajaya,Fast Charger,18.3,0.91,11,Tuesday,7.32
28/1/2025 11:00,Johor Bahru,Normal Charger,43.92,1.17,11,Tuesday,17.57
28/1/2025 11:00,Putrajaya,Normal Charger,19.92,1.94,11,Tuesday,7.97
28/1/2025 12:00,Penang,Normal Charger,8.33,3.85,12,Tuesday,3.33
28/1/2025 13:00,Penang,Fast Charger,34.81,1.01,13,Tuesday,13.92
28/1/2025 13:00,Selangor,Fast Charger,38.35,2.95,13,Tuesday,15.34
28/1/2025 13:00,Putrajaya,Fast Charger,23.41,4.17,13,Tuesday,9.36
28/1/2025 14:00,Melaka,Normal Charger,19.79,2.62,14,Tuesday,7.92
28/1/2025 14:00,Melaka,Fast Charger,46.9,2.09,14,Tuesday,18.76
28/1/2025 14:00,Johor Bahru,Fast Charger,19.02,2.85,14,Tuesday,7.61
28/1/2025 15:00,Kuala Lumpur,Normal Charger,44.38,0.72,15,Tuesday,17.75
28/1/2025 15:00,Kuala Lumpur,Fast Charger,38.96,0.93,15,Tuesday,15.58
28/1/2025 15:00,Kuala Lumpur,Fast Charger,53.17,1.83,15,Tuesday,21.27
28/1/2025 15:00,Selangor,Normal Charger,53.27,4.49,15,Tuesday,21.31
28/1/2025 15:00,Melaka,Normal Charger,26.34,2.88,15,Tuesday,10.54
28/1/2025 15:00,Selangor,Fast Charger,12.91,3.04,15,Tuesday,5.16
28/1/2025 16:00,Penang,Normal Charger,47.77,2.34,16,Tuesday,19.11
28/1/2025 16:00,Johor Bahru,Normal Charger,34.95,1.63,16,Tuesday,13.98
28/1/2025 17:00,Kuala Lumpur,Normal Charger,55.36,0.69,17,Tuesday,22.14
28/1/2025 17:00,Selangor,Normal Charger,12.85,2.11,17,Tuesday,5.14
28/1/2025 17:00,Melaka,Normal Charger,15.4,1.31,17,Tuesday,6.16
28/1/2025 18:00,Penang,Normal Charger,49.39,3.8,18,Tuesday,19.76
28/1/2025 19:00,Penang,Normal Charger,16.85,1.44,19,Tuesday,10.11
28/1/2025 20:00,Selangor,Normal Charger,28.71,3.38,20,Tuesday,17.23
28/1/2025 21:00,Penang,Fast Charger,41.68,1.52,21,Tuesday,25.01
28/1/2025 21:00,Putrajaya,Fast Charger,49.11,3.15,21,Tuesday,29.47
28/1/2025 21:00,Penang,Normal Charger,31.2,0.53,21,Tuesday,18.72
28/1/2025 23:00,Kuala Lumpur,Normal Charger,56.13,4.26,23,Tuesday,22.45
28/1/2025 23:00,Penang,Fast Charger,30.64,1.61,23,Tuesday,12.26
28/1/2025 23:00,Penang,Normal Charger,28.05,0.97,23,Tuesday,11.22
28/1/2025 23:00,Johor Bahru,Normal Charger,19.21,2.71,23,Tuesday,7.68
29/1/2025 0:00,Selangor,Fast Charger,52.71,0.77,0,Wednesday,21.08
29/1/2025 0:00,Putrajaya,Normal Charger,49.28,3.45,0,Wednesday,19.71
29/1/2025 1:00,Kuala Lumpur,Normal Charger,48.85,2.43,1,Wednesday,19.54
29/1/2025 2:00,Penang,Fast Charger,46.78,3.33,2,Wednesday,18.71
29/1/2025 2:00,Putrajaya,Fast Charger,40.03,2.41,2,Wednesday,16.01
29/1/2025 3:00,Kuala Lumpur,Fast Charger,52.62,4.36,3,Wednesday,21.05
29/1/2025 3:00,Penang,Normal Charger,22.11,3.5,3,Wednesday,8.84
29/1/2025 3:00,Selangor,Normal Charger,29.64,1.54,3,Wednesday,11.86
29/1/2025 4:00,Melaka,Fast Charger,34.53,1.86,4,Wednesday,13.81
29/1/2025 4:00,Kuala Lumpur,Normal Charger,40.8,0.81,4,Wednesday,16.32
29/1/2025 5:00,Penang,Fast Charger,41.17,1.74,5,Wednesday,16.47
29/1/2025 8:00,Melaka,Normal Charger,38.69,1.63,8,Wednesday,15.48
29/1/2025 9:00,Penang,Normal Charger,19.54,2.79,9,Wednesday,7.82
29/1/2025 9:00,Melaka,Normal Charger,53.32,3.42,9,Wednesday,21.33
29/1/2025 9:00,Kuala Lumpur,Normal Charger,27.83,4.07,9,Wednesday,11.13
29/1/2025 9:00,Melaka,Normal Charger,39.76,2.6,9,Wednesday,15.9
29/1/2025 9:00,Putrajaya,Normal Charger,10.7,1.95,9,Wednesday,4.28
29/1/2025 10:00,Johor Bahru,Fast Charger,16.3,1.27,10,Wednesday,6.52
29/1/2025 11:00,Putrajaya,Normal Charger,40.63,0.89,11,Wednesday,16.25
29/1/2025 11:00,Putrajaya,Normal Charger,15.48,2.5,11,Wednesday,6.19
29/1/2025 11:00,Putrajaya,Fast Charger,53.73,3.62,11,Wednesday,21.49
29/1/2025 12:00,Melaka,Normal Charger,36.43,1.28,12,Wednesday,14.57
29/1/2025 12:00,Johor Bahru,Fast Charger,14.85,1.81,12,Wednesday,5.94
29/1/2025 12:00,Putrajaya,Normal Charger,26.07,1.05,12,Wednesday,10.43
29/1/2025 12:00,Johor Bahru,Fast Charger,40.21,0.95,12,Wednesday,16.08
29/1/2025 13:00,Penang,Normal Charger,41,0.7,13,Wednesday,16.4
29/1/2025 14:00,Selangor,Normal Charger,46.05,1.01,14,Wednesday,18.42
29/1/2025 15:00,Penang,Normal Charger,48.9,4.31,15,Wednesday,19.56
29/1/2025 16:00,Putrajaya,Normal Charger,16.91,3.9,16,Wednesday,6.76
29/1/2025 16:00,Johor Bahru,Normal Charger,32.49,4.31,16,Wednesday,13
29/1/2025 16:00,Kuala Lumpur,Fast Charger,34.74,1.97,16,Wednesday,13.9
29/1/2025 17:00,Putrajaya,Normal Charger,16.23,1.73,17,Wednesday,6.49
29/1/2025 17:00,Putrajaya,Fast Charger,45.67,2.73,17,Wednesday,18.27
29/1/2025 18:00,Johor Bahru,Fast Charger,22.98,2.99,18,Wednesday,9.19
29/1/2025 18:00,Putrajaya,Normal Charger,16.47,3.11,18,Wednesday,6.59
29/1/2025 18:00,Selangor,Normal Charger,14.95,4.04,18,Wednesday,5.98
29/1/2025 19:00,Putrajaya,Fast Charger,34.33,2.78,19,Wednesday,20.6
29/1/2025 19:00,Kuala Lumpur,Fast Charger,31.82,0.5,19,Wednesday,19.09
29/1/2025 19:00,Selangor,Fast Charger,17.01,0.95,19,Wednesday,10.21
29/1/2025 19:00,Kuala Lumpur,Normal Charger,54.05,3.42,19,Wednesday,32.43
29/1/2025 20:00,Putrajaya,Normal Charger,37.61,3.23,20,Wednesday,22.57
29/1/2025 22:00,Johor Bahru,Normal Charger,50.99,3.75,22,Wednesday,30.59
29/1/2025 23:00,Johor Bahru,Normal Charger,22.48,2.75,23,Wednesday,8.99
29/1/2025 23:00,Johor Bahru,Normal Charger,24.87,3.89,23,Wednesday,9.95
30/1/2025 0:00,Putrajaya,Normal Charger,12.96,1.6,0,Thursday,5.18
